fips,Population,Housing Units,Water Area,married
72001,19143,6715,0.42,0
72003,97572,37216,0.03,0
72005,59453,22871,0.03,0
72011,39154,14740,0.41,0
72013,86249,33957,1.15,0
72017,23370,8725,0.64,0
72023,49472,24600,1.77,0
72027,46423,16694,0.16,0
72081,34415,12060,0.18,0
72039,19634,6823,0.17,0
72051,34099,13096,0.1,0
72651,34099,13096,0.1,0
72055,21888,8849,0.21,0
72054,12120,4343,0.04,0
72059,23072,8147,0.02,0
72065,38925,13929,0.02,0
72067,16614,6423,0,0
72071,42339,16426,0,0
72073,17318,5591,0,0
72079,26673,11095,0.36,0
72083,11179,4174,0.15,0
72145,64300,22766,0.21,0
72095,12741,4482,0,0
72113,23951,8025,1.05,0
72099,38959,13770,5.08,0
72101,23185,10122,0,0
72103,23753,8875,0.01,0
72105,29902,9828,0.54,0
72107,23844,7946,0.17,0
72109,20152,7677,0.5,0
72069,58181,22261,0.09,0
72123,23887,9075,0.67,0
72129,40997,14594,0.07,0
72133,21665,7569,0.12,0
72147,9106,4388,0.32,0
72149,27913,8465,1.61,0
72151,39246,13688,0.02,0
72127,514120,210372,0.27,0
72021,919,307,0.01,0
72137,81717,29077,0.06,0
25013,456951,186091,8.04,774.1
25003,176721,78482,13.72,324.4
25011,106652,41348,4.04,408.2
25015,148774,57317,4.88,515.8
25027,913323,361220,41.96,990
25017,1303079,513020,24.81,951.3
25025,805271,342571,2.17,1352.1
25100,13346,4548,1.61,0
25009,769547,304226,11.24,611.1
25021,573970,224483,9.19,486.8
25023,400668,161951,21.48,206.1
25005,558751,230367,15.55,555.6
25065,19682,11883,0.08,33.6
25125,53510,24856,0.71,33.6
25030,33828,12973,0.63,0
25040,33828,12973,0.63,0
25050,26062,9161,0.1,0
25033,12412,4554,0.85,0
25001,340628,195688,18.55,570.9
25007,57055,31390,38.8,209.2
25019,9520,9210,1.36,47.9
44009,123546,56816,7.47,190.4
44001,50648,19881,0.25,53.4
44003,184473,77260,3.58,103.8
44007,631947,258127,10.67,845.6
44005,77491,36800,2.6,63.1
44020,26624,11498,0.09,54
44119,18699,9458,1.95,0
44008,20674,8888,0.07,54
33011,375852,147941,10.75,212.8
33015,373997,149921,19.78,230.8
33013,191496,82039,12.91,219.7
33009,85866,46069,14.03,442.7
33001,68558,36879,7.94,0
33003,44205,35235,17.51,206.8
33019,39314,19492,7.76,105.9
33005,83422,36110,22.76,94.4
33007,33068,19388,16.15,210.1
33031,22751,11929,0.92,46.3
33017,103594,42084,4.7,191.4
23031,184798,93486,9.72,205.2
23005,287785,132898,23.37,518.4
23023,35214,16489,2.36,51.3
23017,55368,33101,35.8,159.4
23001,112541,52238,13.78,248
23007,31842,19390,16.45,97
23011,125909,60197,12.88,191
23015,33616,20849,8.36,159.6
23027,46779,23270,13.19,93.8
23019,152476,71208,54.22,129
23021,24819,17271,148.57,54.3
23009,61883,38319,54.29,368
23029,33420,20934,137.08,301.3
23003,76219,39776,26.28,153.1
23025,73879,41800,52.63,269.8
23013,40023,22013,10.59,100.2
50005,45429,22772,8.74,202.2
50027,72346,39002,4.66,363.4
50017,53838,24310,3.5,351.8
50025,48685,30767,4.34,167.8
50003,38616,20247,1.42,188.4
50021,68087,34933,6.99,248.2
50007,156950,63561,3.88,181
50013,6901,4663,0.69,0
50011,46745,19995,16.68,52.8
50001,48480,21033,4.26,51.1
50015,25692,11891,1.48,142
50019,32141,17433,11.38,193.7
50023,59166,28153,4.71,244.6
50115,4474,2186,2.22,0
50009,6459,4762,7.08,143.9
9003,980842,402856,11.3,906.9
9005,216459,94123,22.88,255.2
9013,216142,87994,6.61,243.9
9015,165704,68479,11.65,401.2
9050,761,490,0,25.2
9011,261840,112905,10.35,186.1
9007,262774,110150,5.99,271.4
9001,1197208,476022,13.99,811.1
9103,289,625,0.15,48.7
9009,1055494,435132,10.41,1046
9100,24552,10525,0.28,0
34023,860430,314885,2.65,448.3
34017,733643,281747,0.34,691.2
34013,888268,339739,1.91,728.2
34027,529699,197558,7.52,155.6
34003,976591,370780,4.3,878.8
34031,511950,178545,7.89,510
34039,661624,245009,0.61,687.6
34035,441218,163369,0.93,394.8
34037,169507,66469,13.74,0
34025,695516,273266,3.41,753.6
34041,160407,63555,6.61,54.3
34019,187521,70192,0.74,104.5
34029,531008,256444,8.48,138.4
34033,143583,53589,4.16,280.4
34007,589224,244538,2.17,849.5
34001,379603,160950,14.57,755
34009,152988,109614,1.39,330.6
34005,531060,206004,5.01,470.6
34015,426079,160389,3.11,532.5
34050,30820,11784,0.14,0
34011,150936,54551,6.7,527.8
34021,383226,145159,1.59,332.8
36061,1859651,914592,0.15,1579.4
36067,648396,282543,7.82,812.7
36050,107298,49871,0,72.7
36085,443728,163993,0.03,286.8
36005,1327690,493639,0.21,950.5
36065,319678,135750,10.42,617.6
36003,146191,65397,6.23,296.1
36119,931023,352028,6.1,895.4
36079,126036,45699,13.13,0
36190,16780,6459,0.05,0
36087,393078,137154,5.67,404.7
36007,287418,124941,3.75,443.7
36071,342408,122232,9.66,363.2
36097,86376,38256,3.1,202.4
36059,1757864,614038,2.85,694.7
36081,2218608,808969,0.6,1931.9
36047,2588445,977203,0.62,1326.9
36181,42117,17572,0,49
36049,168236,72416,9.04,243.7
36004,77451,33510,0,52.8
36048,77451,33510,0,52.8
36017,167320,65930,4.27,358.6
36103,1587884,578917,7.8,1190.1
36053,153565,61758,5.01,231.9
36056,42507,12660,0.01,0
36100,12119,4205,0,0
36093,228052,98646,2.81,251.8
36001,394174,174366,4.74,683.7
36035,100377,49253,7.48,314.3
36057,80094,35166,1.68,157.3
36091,302018,130944,5.26,251.4
36039,57617,31248,2.86,617.7
36089,131047,60813,44.12,645.7
36021,91449,41028,5.11,449.1
36083,162164,70113,4.43,144.8
36095,42534,21050,3.75,148.1
36115,91204,40390,6.2,232.8
36041,5619,8642,38.15,100.7
36077,89412,41453,12.69,294.8
36025,87449,47058,5.37,403.4
36092,30057,11692,0.43,0
36111,197877,85037,3.16,743.5
36027,289713,109330,6,345.3
36105,89905,51748,24.98,929.6
36029,1022150,445565,2.5,991.5
36113,44174,29849,24.12,161.9
36973,735,645,5.51,0
36031,51230,31286,33.46,358.7
36019,83232,34992,9.4,295.4
36033,57936,27902,22.54,387
36011,206902,86868,2.82,355.9
36075,137515,60008,7.44,104.5
36023,64976,26958,3.05,97.3
36109,136200,55054,1.59,217.6
36045,131591,64591,47.93,320.2
36117,199415,81052,2.92,159.7
36099,74321,31774,3.13,196.1
36068,5434,2897,0,18
36043,178506,86347,24.5,452
36069,193770,79347,3.7,204.1
36107,99250,43066,1.42,49.1
36037,104930,40186,1.92,98.3
36063,237272,102914,0.41,164.7
36121,86101,32962,2.42,87.4
36009,119042,55149,4.72,349.9
36073,90155,34359,1.67,199.6
36013,145835,67434,2.39,286.7
36051,113468,44874,3.09,216
36055,816186,334603,3.41,736.4
36123,54252,25373,0.49,140.6
36101,124708,58440,4.37,317.1
36015,133304,56331,2.35,437.2
42007,240166,103182,2.47,205
42009,111471,50548,1.62,212.5
42003,1516074,683029,1.17,2576.7
42125,301242,127180,1.46,1224.5
42051,238683,106764,1.62,1001.2
42129,455894,201223,2.6,969
42019,199454,80598,2.77,146.8
42002,31049,13695,0.25,53.6
42033,164732,73471,2.08,519.6
42059,43760,17904,0.53,154.7
42111,126842,58265,5.59,187.5
42057,30199,14494,0.52,43.4
42005,120359,52779,1.51,126.9
42063,122502,51973,0.71,487.9
42065,75365,35906,1.64,208.5
42021,181889,78129,2.52,533.7
42047,43298,24117,0.98,0
42053,10012,13021,0.25,147
42031,56617,31537,0.7,139.7
42023,7310,6328,0.24,0
42083,51512,26143,0.88,92.8
42013,158725,67605,1.4,410.6
42073,148226,59699,2.61,200.7
42121,100908,45442,2.1,264
42085,154958,63875,3.93,337.5
42039,144473,62937,6.44,139.9
42123,69005,34027,0.56,51.3
42049,299673,122441,3.16,313.6
42061,72613,32975,0.38,146.8
42027,154364,60974,0.53,177.4
42105,30122,17937,0.59,45.8
42035,53519,24419,0.88,251.5
42117,56916,27759,2.21,204.3
42015,73560,34935,6.08,48
42081,153917,66019,2.69,200.9
42087,54468,24528,0.2,106.1
42075,178179,71939,0.92,0
42043,315756,137119,10.29,453.5
42099,47429,20719,0.47,40
42041,262963,106796,0.49,150.8
42014,34142,13956,0,0
42133,518821,211547,2.89,121.9
42097,132280,59028,4.54,236
42001,155572,62241,2.09,83.9
42055,151782,62512,1.09,199.3
42067,38534,16869,0.1,0
42071,532154,203713,1.32,189.2
42011,498090,198865,1.46,467.1
42045,707736,279055,0.75,1262.7
42109,56127,22552,0.29,104
42029,517845,195635,1.86,206.4
42017,833440,318061,1.68,390
42113,70238,35275,3.61,148.5
42037,123312,53223,2.36,49.1
42093,85014,34925,0.85,93.3
42119,59117,21402,0.47,100.4
42079,387784,177566,12.16,982.3
42107,194690,88906,5.01,1306.2
42077,448022,181375,0.87,357.5
42025,113438,56991,4.59,344.4
42095,348600,145933,1.13,243.8
42089,179555,90303,9.56,298.9
42091,1164159,467803,1.09,604.4
42103,106986,64753,14.4,0
42127,100530,60569,23.3,192.5
42069,250518,117512,9.36,729
42115,71793,35931,11.1,312.9
42131,61749,27547,6.52,0
42101,1517913,662008,0.58,1512
42191,9608,4577,0,46.1
10003,515355,205567,5.09,611
10005,191511,107798,6.31,153.9
10001,116183,46570,6.35,106.5
11001,566825,273395,0.14,656.8
24017,128931,46960,15.83,309.8
24033,795797,301260,0.53,1085.6
24037,122392,47607,145.64,240
24009,76174,28215,0.52,160.9
24031,1015611,390950,1.01,665.7
24003,557830,212016,2.18,421.7
24027,312339,115573,1.19,162.9
24083,25637,11354,0.16,47.7
24021,180952,66728,0.9,206.2
24081,11470,4129,0,0
24025,257785,99600,0.34,144.6
24001,110404,46815,1.58,105.4
24005,1133816,475850,1.04,999.2
24013,195067,70006,0.71,0
24063,57533,21188,0.28,0
24510,1055542,469331,0.71,1050.9
24015,120463,47509,1.52,74.8
24514,50154,21385,0,43.2
24570,47955,19511,0.02,41
24050,81773,35960,0,152.1
24023,49945,25366,2.15,101.7
24041,33764,16480,17.78,0
24035,48082,20303,1.35,144.4
24019,30013,14405,8.19,253.9
24029,22557,10707,1.41,50.9
24047,58950,53086,1.55,228
24011,22876,9206,0.35,257.6
24043,182567,70243,1.24,100.3
24014,25694,8449,0.01,0
24045,47359,18809,0.59,181.4
24039,25091,10214,6.18,298.4
51059,797206,306373,3.58,602
51153,187107,64608,3.53,208.5
51600,109337,39328,0.09,107.7
51610,93011,41882,0.45,191.9
51107,16958,5481,0.04,0
51053,96008,37627,4.51,144.1
51013,189910,90704,0.09,252.8
51510,184912,88736,0.23,400.1
51177,57772,23311,1.51,91.2
51179,99287,35955,3.75,37.9
51197,60060,28025,0.26,37.9
51630,19279,8888,0,37.9
51033,22846,9199,3.27,102.9
51133,11199,7348,1.18,0
51137,64893,26289,3.56,105.7
51057,10302,5080,1.25,148.5
51193,22689,12142,7.16,160.6
51099,16803,6820,5.49,0
51159,41302,17383,13.82,32.8
51103,12627,7207,12.12,51.9
51083,59024,26401,5.21,245.1
51097,14648,6541,2.58,150.4
51069,50092,21004,0.23,45.7
51840,24439,10916,0,45.7
51187,35553,15189,0.25,0
51043,11822,4861,0.33,0
51171,46829,21662,0.41,0
51157,5964,2890,0.15,0
51061,18862,7067,0.57,0
51139,34943,15852,3.03,0
51047,38568,14777,1.47,85.8
51113,50717,21095,2.17,105.7
51165,100201,38122,0.78,36.4
51167,88306,34294,2.21,36.4
51660,33743,10536,0.08,36.4
51015,94293,38848,0.45,104.6
51003,124146,50539,3.73,136.1
51540,120817,51144,1.23,181.8
51125,31363,16171,2.18,275.1
51009,35606,14696,2.53,55
51079,23642,9281,1.14,0
51065,37659,15774,2.23,102
51109,40564,18242,2.17,51.6
51820,30341,13274,0.08,0
51073,36303,15124,14.69,0
51007,12761,5197,0.84,51.3
51029,44972,18115,3.36,141.9
51085,90454,34969,1.37,102
51101,12505,5012,2.31,0
51127,47069,18371,1.66,54
51142,1011,299,0.2,0
51115,9438,5439,1.94,86.7
51049,19666,7788,1.37,47.1
51036,31964,13058,5.57,103.1
51119,11209,6909,0.83,96.8
51075,113197,46904,4.03,51.6
51087,322592,139412,5.58,384.1
51145,28389,9712,1.74,0
51041,370725,149819,5.67,163.3
51004,30959,11101,0.14,0
51095,41551,18032,1.31,0
51199,150031,62772,17.37,140.4
51830,37225,16340,1.11,0
51730,69000,27961,1.23,155.3
51760,361304,162745,5.75,489.4
51750,107132,48223,0.96,153
51008,27253,11036,5.1,49.8
51001,38305,19550,4.23,671.5
51093,42043,17545,12.48,49.7
51131,13093,6547,4,186.1
51550,199184,72672,7.16,92.9
51650,164128,65394,2.61,195.8
51800,77074,30697,7.66,99.7
51810,421323,161770,3.79,161.4
51710,238337,94923,1.4,515.3
51700,147259,61594,0.78,369.5
51100,41289,16881,0.04,53.6
51735,11566,4300,0.01,0
51740,100565,41605,0.42,224.3
51149,108140,43998,5.66,192.6
51025,41428,16116,4.27,482.8
51111,31563,14092,2.46,299.3
51135,18404,7563,2.1,106.8
51175,42675,16827,5.61,283.5
51570,24442,10158,1.41,0
51579,24442,10158,1.41,0
51183,34786,12997,4.22,246.3
51181,8755,3200,1.49,100.9
51081,16679,5900,1.42,106.7
51595,16090,5629,1.33,53.8
51620,13397,5993,1.99,49.7
51670,27173,11602,3.73,50.1
51147,25314,10024,1.25,135.7
51117,34531,18544,1.64,348.9
51037,33073,15083,1.82,247.3
51011,28814,12339,2.28,40.1
51770,212924,94865,0.94,263.9
51023,85333,37273,1.63,103.9
51161,173262,75676,1.14,51.4
51000,27186,12326,0.43,112.8
51067,144297,68159,4.28,53.4
51775,64469,27395,0.06,0
51761,24560,9825,0.46,0
51141,47882,22899,1.24,54.2
51089,79286,36065,3.61,53.4
51143,119415,55564,3.48,255.1
51155,55104,25751,0.83,44.9
51121,124075,51623,0.9,78.3
51019,114624,51205,3,103.1
51163,40049,17430,1.31,47.4
51045,7481,3613,0.07,37.4
51063,38180,18511,0.74,44.9
51005,28088,13435,2.59,52.5
51071,20948,9505,0.1,0
51035,52400,26105,0.31,0
51690,34817,15754,0.85,53.4
51021,11603,5321,0.06,0
51169,40760,19355,2.41,53.3
51191,58378,26824,0.28,62.6
51520,16604,8094,0,54.2
51195,47424,21246,1.19,81.2
51051,29249,13605,0.7,0
51105,38183,17697,0.92,53.3
51091,5918,3535,0,0
51027,38772,17298,1.56,0
51720,6392,3050,0.01,53.5
51725,6392,3050,0.01,53.5
51077,34585,17135,0.09,47.6
51173,47471,21429,0.37,47.6
51185,51500,23075,0.69,141.7
51790,33930,14701,0,53.1
51017,5601,3195,2.7,0
51580,15500,7231,0.08,0
51031,130141,54879,2.83,132.1
51680,85246,36349,0.8,132.1
51515,18024,7778,0.19,0
51014,33924,15227,0.09,52.3
51590,64938,30127,0.51,101.9
51780,14312,6509,1.29,50.8
54055,66169,31617,0.26,152.3
54109,31106,14244,0.1,322.5
54047,29374,14464,0.18,549.9
54045,42729,18956,0.09,299.6
54059,28007,12767,0.05,300.3
54025,45887,22836,0.45,186.6
54063,24046,12228,0.28,140.1
54089,21719,10981,0.19,136.2
54075,13810,9993,0.16,205.8
54019,58360,26565,0.32,722.8
54039,213859,99959,0.46,916.8
54043,45964,19627,0.16,100.4
54087,32955,14997,0.23,50.9
54081,82503,37446,0.67,328.3
54005,45478,20395,0.34,247.4
54079,64788,27653,0.37,0
54015,17728,8252,0.12,153.4
54067,30823,14535,0.08,252.7
54007,23863,11647,2.7,81.6
54053,39577,18037,1.57,97.2
54035,35942,16190,0.24,0
54013,8982,4707,0.02,142
54105,51541,24385,0.06,143.3
54021,29545,14504,0.08,197.4
54037,60317,26950,0.13,142.2
54003,82812,35718,0.44,101.2
54065,24689,13392,1.35,0
54027,28111,15164,1.11,142.8
54011,117514,54639,0.03,114.5
54099,65591,29354,0.09,158.1
54195,5699,2886,0,53.2
54051,77965,35898,3.06,208
54069,53301,24492,2.72,129.6
54009,45776,20307,0.14,141.4
54029,36544,16694,0.27,35.3
54103,25867,12010,0.26,152.2
54107,92955,42489,0.08,103
54073,11154,4959,0.06,0
54085,31229,15539,0.2,92.4
54095,18991,9453,0.14,0
54001,63837,28666,0.43,54.3
54041,38299,17540,1.74,0
54097,29197,13400,0.28,107
54101,12717,6831,0.18,102.6
54083,33884,16561,0.32,213.6
54033,137003,63174,0.82,458.2
54093,10668,6379,0.49,140.9
54071,14943,8606,0.38,88.5
54077,34921,16258,0.85,0
54023,27803,13549,0.63,155.6
54091,82195,37956,3.26,120.1
54017,12738,5974,0.17,51.3
54061,95863,44951,0.38,326.9
54049,69447,32544,0.48,246
54057,29704,13825,0.42,101
54031,19371,10608,0.33,105.9
37059,52920,22520,0.72,52.8
37171,82969,36262,0.74,0
37067,385914,165912,2.1,330.7
37169,119309,51967,1.16,51.3
37197,67297,28938,0.96,0
37057,279660,118131,1.14,198.4
37097,141049,58633,1.4,53.9
37159,120031,49634,0.84,155.9
37193,92294,41421,0.76,0
37157,130225,55856,3.78,51.3
37001,171676,72114,4.44,140.7
37151,316164,132671,3.65,89.2
37037,184712,75083,2.63,91.4
37125,97756,44635,7.79,102.1
37123,32914,15454,0.85,54.3
37033,172709,73231,8.49,302.7
37081,551250,234590,5.72,426.7
37153,60039,27339,2.94,276.8
37135,277755,117256,2.55,255.3
37051,336934,133255,3.54,332.4
37063,343753,145717,4.27,324.2
37145,67712,28587,12.57,151.2
37105,59243,24057,2.89,0
37633,1576,918,0.54,46.2
37085,110110,45273,5.97,209.3
37183,707715,291059,11.65,494.6
37101,183131,75037,3.94,77.8
37077,84969,32201,6.74,146.5
37181,70887,29731,4.68,206.9
37069,84419,34874,3.34,52.8
37187,58856,24181,0.45,52
37191,108902,45281,3.95,260.3
37185,55653,24321,1.58,156.5
37127,113208,47594,3.07,150.6
37195,75914,31667,2.06,189.6
37083,116573,53076,4.76,449.4
37180,18309,7675,0.01,42.3
37053,49400,24731,1.32,200.9
37065,94061,40206,2.76,443.2
37015,20533,9399,0.24,344.6
37013,66637,31254,48.61,147.9
37147,172820,75784,1.78,434.1
37091,24318,10460,0.45,338.5
37131,25686,12098,2.05,478.5
37095,5354,3017,51.2,148
37177,7219,3236,0.86,52.3
37117,22292,9536,0.31,152.8
37079,23305,9216,0.31,96.3
37029,42454,17556,0.06,49.7
37139,34897,14289,0.02,49.7
37143,49606,21863,0.2,93.9
37055,29967,26671,2.99,53.2
37041,16736,7481,0.27,52.7
37073,11475,4850,0.06,0
37167,62072,27721,0.92,53.3
37071,207762,85071,3.74,211.4
37109,105893,43625,3.29,0
37007,25405,10273,1.2,190.4
37045,118107,50534,2.34,187.3
37161,62227,29137,1.81,54.3
37025,163474,65352,0.7,0
37119,586129,249329,1.15,563.4
37076,33363,14772,0.05,54.2
37179,89784,33433,1.71,0
37149,43250,19767,1.17,0
37111,99652,41939,0.72,0
37052,32039,14432,0.17,53.9
37163,53104,22473,4.12,261.5
37017,30048,14327,5.58,249.4
37061,59855,25198,1.33,318.4
37155,119669,46447,2.74,470.5
37165,34745,14202,1,206.5
37093,31181,11409,0.28,101.3
37005,45138,23661,1.22,86.6
37129,93639,50149,0.24,117.4
37019,53070,34730,1.82,0
37141,37722,16986,0.57,53.5
37047,54684,24006,3.06,305.3
37133,147030,66585,1.23,0
37049,102244,42778,11.65,206.2
37107,43032,19556,0.92,41.1
37137,10875,5925,34.9,46.7
37031,55802,38425,2.37,237.1
37103,10786,4760,0.97,51.3
37003,179887,76826,0.55,53.9
37023,210916,91659,0.21,49.9
37035,192332,81323,0.78,53.9
37011,22173,18552,0.34,0
37189,48964,29020,0.34,39.9
37027,81511,36777,0.3,0
37009,28239,15242,0.11,30.2
37021,215710,98041,2.9,138
37173,29525,14351,0.58,48.8
37089,78652,37502,1.04,88.4
37121,16351,7591,0.09,40.9
37099,35059,23647,1.23,107.3
37175,29725,16430,2.31,0
37199,47833,23090,0.18,0
37087,54033,28636,0.15,0
37075,7993,5063,4.74,0
37113,32610,22579,0.77,0
37115,19926,9986,0.02,0
37039,25086,13920,0.2,0
37043,8775,5425,5.9,0
45027,54369,24392,3.61,417.6
45085,143107,58614,5.86,464.4
45009,35209,14417,3.24,229.3
45003,126964,55525,8.47,643.1
45063,282166,116278,12.99,249.1
45081,67750,30108,11.67,209.5
45025,74581,32820,8.22,260.5
45055,94387,38859,5.93,141.5
45061,138470,58572,8.08,414.4
45023,39349,16470,1.8,203.9
45039,54449,22753,4.26,235.3
45079,410711,170002,8.17,508.1
45075,112720,49437,10.07,733.6
45017,76443,32443,5.88,240.8
45087,46687,20244,1.71,257.3
45071,50609,23358,3.6,250.5
45047,69113,28752,1.57,209.3
45059,142695,60569,5.24,358.5
45089,68794,27982,5.02,462.3
45057,58679,23999,1.52,54
45015,267784,106142,5.93,485.4
45031,112553,48903,4.58,252.7
45029,53130,23613,3.46,347.7
45041,131349,60660,3.89,288.1
45037,72720,30353,4.47,311.3
45073,99992,48638,19.98,86.9
45045,492864,212749,4.57,279.3
45083,306099,127711,3.95,244.1
45021,75162,32447,3.7,105.6
45007,319468,138311,5.86,232.6
45149,13491,5633,0.22,0
45019,532725,230090,9.78,547.5
45035,183274,72321,2.45,254.4
45043,80767,41693,9,201.4
45051,188778,115846,4,305.7
45069,35460,14696,3.6,221.7
45067,45478,19479,3.06,339.5
45033,50230,21154,2.34,374.3
45050,28009,13526,0.25,47.1
45077,138701,58950,5.65,129.7
45001,95413,41383,1.49,247.5
45065,29718,13160,7.53,251.1
45004,21298,8756,0.32,0
45091,142875,57451,3.43,152.9
45245,25898,11274,0.35,46.8
45005,23399,9840,9.03,216
45011,30976,13662,10.72,241.3
45049,31348,12473,4.68,366.5
45013,116154,59813,44.75,196.1
45053,30689,12173,44.39,289.6
13089,892326,356694,2.28,1073.5
13087,34338,12906,0.43,82.1
13098,19151,6861,0.09,40.9
13121,1139584,480095,4.61,1157.6
13135,372058,138543,2.38,389
13247,134096,48428,1.04,51.6
13297,95212,34631,2.06,51.6
13067,577164,229487,3.9,244.7
13007,92496,36550,2.4,0
13057,246705,93927,6.72,0
13015,139432,53843,3.07,52.5
13223,180148,68094,4.97,0
13233,114485,43698,3.46,0
13005,89408,39462,2.13,89.3
13115,120472,47289,1.4,52.5
13129,58877,22932,1.02,0
13055,63616,26484,0.56,52.5
13117,56777,23068,3.17,0
13149,102380,40310,5.68,53.4
13227,54644,24090,3.84,0
13045,153384,59869,4.29,94
13143,113290,45195,3.76,45.9
13225,48418,18448,1.14,41.6
13097,144444,56230,3.5,0
13085,81325,36719,10.52,53.4
13999,34109,14130,0.16,52.5
13123,65102,28489,5.34,99.2
13171,70060,27165,3.31,200.9
13207,80163,32257,2.72,206.3
13293,44339,17967,2.3,152.4
13113,149741,54823,4.26,106.4
13255,114944,43451,3.43,100.4
13199,47735,19543,3.97,248
13231,53025,20395,2.49,47.5
13063,312000,117092,3.31,303.7
13035,108349,40928,2.88,254.6
13285,77845,32191,4.92,201.2
13077,104971,39381,4.1,101.9
13151,216273,80486,4.46,201.5
13155,121647,48103,13.16,153.1
13217,19252,7482,0.63,52.9
13540,26597,9770,0.16,0
13099,41287,15572,1.79,0
13281,14082,8041,0.4,0
13009,76650,30758,11.97,159.4
13012,53229,20623,0.08,30.1
13131,86399,32807,3.01,231.8
13107,69291,29740,11.38,463.7
13167,58648,25069,7.31,302.7
13209,30653,13230,1.85,147.7
13175,70065,29471,5.89,291.2
13309,11406,4440,0.6,48.5
13163,21793,9128,2.74,331.3
13303,40311,16417,10.78,348.7
13109,33740,13025,5.85,254.5
13031,69289,28164,8.74,195
13267,45677,18499,6.12,260.4
13043,48750,19983,6.95,141.1
13165,31331,13187,7.27,242.8
13033,67549,25935,6.68,283.9
13251,3331,1511,1,101.3
13183,59308,23351,4.2,102
13279,29553,13043,1.51,52.7
13103,53354,20342,2.38,97.5
13283,24882,10793,2.36,156.4
13011,89344,37196,5.33,53.1
13139,166045,62879,1.91,50.2
13137,61845,26765,1.8,0
13111,37112,21350,6.5,0
13291,24257,14032,6.66,0
13119,71151,32154,1.55,12.2
13147,56567,26576,5.56,0
13157,114193,44719,1.66,81.5
13241,25627,14971,1.82,48.9
13311,32383,14380,0.73,51.5
13187,97979,41725,5.92,0
13195,73234,30639,1.78,32.1
13257,28834,13185,1.07,43.9
13213,56552,24424,5.24,46.9
13013,50233,19209,0.85,0
13059,121515,49948,1.05,157.9
13219,131158,53026,1.27,76.4
13221,28408,12004,1.86,188.2
13211,17809,7042,1.45,0
13105,29647,12980,5.25,0
13237,77085,34971,13.5,48.9
13265,15870,7376,2.82,278.2
13133,38715,15757,4.07,169.9
13197,19879,8531,1.69,99
13298,45631,19485,0.37,0
13317,19168,9586,2.78,104.2
13181,10001,5368,0.3,0
13141,62036,26810,12.35,217.7
13295,89508,37594,0.69,0
13047,61801,24695,4.96,53.6
13313,85875,31743,0.68,0
13019,59166,24800,9.57,53.4
13083,20276,8518,0.26,0
13049,16793,6768,6.43,0
13073,116583,45019,1.53,52.9
13189,43878,18813,1.6,152
13125,5249,2368,0.58,102.7
13245,284415,115203,4.68,294.5
13301,31629,13455,2.37,273.3
13315,61306,26096,14.21,301.9
13319,84664,36555,9.33,342.8
13153,152246,60392,4.4,134.8
13269,10579,4789,1.74,133.5
13093,49995,20744,11.66,263.9
13079,45242,17467,1.76,139.4
13091,47331,19527,5.66,190.8
13023,29198,11823,3.82,137.4
13235,47369,19730,6.07,247.2
13289,38890,16813,3.56,238.3
13081,29922,13158,8.09,101.4
13021,130631,58178,1.24,216.9
13022,17431,6595,0.47,41.6
13025,50030,21901,2.76,89.4
13193,35107,13759,2.07,268.7
13169,88865,38809,7.27,183.6
13271,14361,6386,1.72,152.8
13159,9787,4098,1.85,100.1
13249,38148,15793,1.78,143
13017,23428,10246,5.7,104.5
13215,275237,109362,3.44,290.7
13002,31283,13150,0.08,38.7
13179,71570,28338,3.07,50.1
13051,223348,95739,2.4,206.4
13191,12279,6315,2.08,151.8
13029,30554,9979,0.65,9.4
13069,54701,24188,8.71,155.1
13229,39963,18275,1.79,47.8
13299,23908,10876,5.01,47.8
13001,37247,16514,3.14,0
13305,23574,10122,1.32,0
13161,16862,7418,1.88,54.1
13127,49002,24417,2.45,44
13039,54669,21210,6.19,0
13065,17810,7409,19.37,105
13003,14155,5932,5.96,53.1
13101,40766,17162,12.7,40.8
13185,88173,35216,11.53,143.4
13027,81364,34146,7.73,375.3
13075,23280,9530,5.2,51.5
13275,45906,19183,4.97,247.1
13173,19994,8587,6.14,53.1
13071,58513,24605,8.09,153.2
13277,47416,19069,8.67,107.2
13095,135107,54221,6.19,74.2
13177,87535,35973,6.33,116.2
13205,68582,26231,3.84,237.6
13321,106062,42763,9.53,197.6
13273,41502,18204,2.19,0
13261,35174,14481,3.09,129.4
13287,46875,19040,8.93,101.5
13074,2632,1170,0.8,0
13307,11361,4933,1.1,139.2
13263,17197,7508,1.58,232.2
13145,39834,16649,3.31,47
13053,2991,1339,0.22,0
13259,8461,3792,1.61,155.3
13243,2508,1167,1.1,44
12029,19723,11162,45.4,48.6
12041,42586,19148,11.54,51.8
12067,10230,4377,2.8,98.7
12121,56227,24478,4.47,98.2
12031,765642,321286,2.62,838.9
12089,58954,26489,1.57,0
12109,179295,77876,4.71,52.4
12023,38597,16224,1.84,98.2
12003,80231,33831,4.17,103.2
12019,171537,65497,21.63,53.1
12107,57453,26465,23.05,53.1
12007,44400,17317,22.37,105.9
12047,14331,5376,4.55,103.4
12125,19494,5313,6.62,153
12079,19303,8081,10.29,151.9
12127,266816,119778,28.96,151.4
12035,22989,11167,0.76,0
12001,298566,131622,48.66,301.4
12065,164623,77429,18.41,232.8
12073,214007,94167,24.33,133.4
12129,80720,37753,9.87,177.3
12039,93391,38545,8.5,343.1
12077,37466,17060,2.43,139.7
12037,31476,15087,7.91,136.9
12063,44767,18276,24.3,190.9
12123,23115,11208,7.06,106
12032,23721,9147,4.72,45.1
12005,148104,78375,4.38,46.3
12013,12784,5134,2.68,46.9
12131,60308,42197,6.05,47
12059,19504,8573,7.37,53.9
12133,32506,14619,20.26,148.3
12091,134051,69719,3.92,150.8
12069,150849,69611,26.01,203.7
12045,14214,8661,183.4,51.6
12033,247608,103970,2.17,412.1
12113,155853,66851,3.7,148.7
12083,39150,17641,22.14,160.2
12075,104095,38403,223.3,207.2
12117,488144,200752,14.69,436.8
12095,866631,362267,31.72,1013.3
12097,119995,62223,26.67,0
12050,17923,8477,1.12,0
12009,495147,229142,13.87,224
12011,1742959,797816,13.47,1548
12061,104523,54759,11.85,122.6
12087,79529,51572,16.35,44.9
12025,2215635,841402,143.4,2434.7
12086,2215635,841402,143.4,2434.7
12014,29582,11931,0.58,0
12026,52081,19631,0.17,54.1
12030,33342,13446,0.81,46.4
12099,1294783,647233,16.09,1048.6
12199,29975,15417,0.06,42.1
12040,17086,10697,0.13,0
12055,126094,63995,32.95,53.9
12051,62770,22247,10.19,94
12071,433388,235862,10.56,224
12085,229885,115930,4.78,142
12043,23917,9290,3.36,0
12090,12729,8939,0.02,51.4
12057,1019406,434050,19.01,961.9
12119,25114,11952,21.33,44.9
12053,147303,69682,18.28,0
12101,440228,212436,31.42,51.2
12105,542125,250510,95.49,393.9
12103,604289,315039,5.44,823.5
12081,324389,168849,9.03,302.7
12049,50742,21457,7.61,48.8
12021,25709,11234,0.88,0
12015,203505,117000,7.37,0
12017,6104,7137,1.48,0
12115,404991,228978,4.87,234.6
12111,243678,117542,2.91,278.6
12093,39604,17952,8.63,51.8
1115,134004,57012,4.84,138.3
1117,266743,113722,8.95,53
1073,753642,325795,7.64,1064
1125,185139,80806,9.86,302.7
1127,78481,36181,3.92,102.9
1123,65409,31223,4.12,135.6
1027,71430,31632,2.98,52.2
1037,85791,38839,1.35,106.2
1121,97569,42035,2.95,155.6
1043,153208,71006,3.83,106.2
1095,152406,67418,3.51,0
1009,143543,59696,5.74,47
1103,135272,57577,2.66,51.6
1007,50585,20072,4.66,39
1105,58230,25104,8.4,332.9
1021,59460,25151,1.67,54.2
1133,71153,33882,2.1,53.4
1017,80090,35627,6.19,286.1
1015,114848,51814,2.36,96.9
1023,30442,13656,2.85,90.3
1055,142119,63154,10.53,101.6
1065,31221,13809,7.84,295.8
1119,23766,10885,4.1,399.5
1063,18971,8972,7.73,297.1
1107,37370,17243,5.53,144.2
1075,45753,21428,2.99,0
1079,114441,49755,27.17,96.4
1057,33429,15578,2.34,54.3
1093,53032,24385,1.3,0
1044,26121,11715,0.72,47.3
1059,44490,20084,7.92,0
1113,79123,36295,6.19,278.5
1077,109632,50079,0.67,47.6
1083,102667,42275,0.55,18.3
1033,71702,32345,9.84,50.3
1089,286140,124528,3.7,223.8
1999,3917,1689,0.01,0
1071,63749,28181,1.57,22.8
1049,119440,51682,1.53,0
1019,96481,46792,1.69,101.6
1005,42352,18387,2.01,280
1001,69626,29675,3.57,92.1
1011,47995,21532,4.15,308
1109,31107,14855,2.48,193.2
1041,51554,24328,4.41,154.5
1031,122407,56172,5.96,89
1045,176366,78921,3.14,203
1087,98727,44697,6.31,440
1101,241420,102716,6.39,572
1067,69400,31662,7.44,200.3
1051,91478,36531,5.75,38.6
1039,48231,23899,7.63,91.4
1013,26060,12147,1.35,147.4
1085,19550,8673,3.87,297
1099,99553,43322,6.79,506.4
1035,63774,29668,5.66,194.1
1201,4121,1805,1.17,0
1111,37767,17319,2.71,53.5
1029,30276,13482,1.73,0
1097,498278,209430,6.95,564.9
1069,108359,49006,1.44,53.9
1061,76824,35950,3.58,31.5
1025,52384,23852,4.66,261.1
1053,80266,35859,6.27,48.1
1131,25280,11583,1.71,489.6
1003,192013,94066,10.44,197
1129,20165,9156,2.63,45.7
1047,56129,25492,2.78,340.1
1091,38979,17232,2.48,420.8
1081,110061,49447,2.67,245.1
47125,160222,63654,2.03,0
47147,121351,47968,0.76,0
47041,52542,23846,1.37,0
47159,54725,23272,0.4,0
47189,166182,67597,1.17,51.5
47037,825453,351297,4.52,752
47149,231585,90121,1.04,98.4
47187,201292,80773,1.59,54.2
47021,87163,34266,2.02,0
47015,80795,34732,0.85,0
47003,175914,76217,1.04,131.1
47031,74168,31760,1.22,0
47117,100522,41370,1.19,54.2
47111,32515,13963,0.4,0
47165,160952,64245,0.6,0
47169,45997,19173,0.43,0
47161,20735,9970,3.34,0
47043,61069,24659,1.55,0
47081,65600,27056,0.75,51.3
47101,58530,25359,1.26,0
47135,28390,12403,2.07,0
47055,77324,33419,1.31,53.3
47103,37716,16751,0.47,53.3
47083,28449,13291,0.71,0
47085,24872,11730,0.19,0
47010,37516,14363,0.23,0
47018,40298,15435,0.23,0
47113,119393,50861,1.06,91.1
47119,100361,41415,1.6,0
47181,46428,20195,2.7,0
47061,59600,25828,1.29,39.9
47153,77073,33102,0.53,0
47177,60737,26886,0.41,0
47127,61768,25750,1.49,0
47087,79400,35904,1.45,102.4
47027,14306,6891,0.95,53.3
47307,6163,2583,0.11,0
47065,341116,149590,0.41,607.5
47107,62355,28032,0.68,0
47051,64017,27588,0.97,39.9
47139,71782,31194,1.79,102
47121,20532,9215,0.45,0
47011,66573,28364,0.25,47.8
47039,79378,38788,2.85,134.7
47007,93017,40313,3.07,0
47143,30254,13394,0.87,0
47123,101524,46178,0.97,0
47115,62622,29475,0.42,82.9
47071,30237,14136,2.4,53.4
47019,100001,46309,0.22,52.4
47179,127291,56748,0.03,120.3
47059,73811,32843,1.83,0
47163,219538,98492,9.98,53.7
47091,18690,8571,0,54
47073,68049,31043,2.61,0
47171,55579,25435,0.35,0
47173,51134,23113,0.56,0
47093,548919,244857,3.36,447
47009,85180,38742,2.31,81.5
47001,156777,71346,0.53,49.9
47057,34725,16238,2.57,0
47063,71888,30698,0.39,0
47029,62992,29019,2.48,44.6
47013,53560,24555,0.19,54.1
47017,36755,16419,1.03,0
47025,36621,16705,0.09,42.3
47129,58725,25040,0.18,155.4
47155,73729,37431,0.82,0
47035,73675,33500,3.43,0
47089,81271,34856,2.67,0
47049,26683,11928,0.89,0
47067,21827,10205,0.5,0
47151,25303,10752,0.38,51.3
47105,60654,26449,1.22,0
47145,75239,34323,1.27,0
47150,17770,9062,0,0
47166,17770,9062,0,0
47092,5564,3242,0,21.5
47030,62034,28386,0.07,105.5
47090,24480,12884,0,40
47095,13781,5674,1.65,37.1
47033,14868,6317,0.38,94.8
47157,856213,347423,9.78,623.6
47167,49985,18646,0.78,101
47069,28833,10978,3.33,229.2
47075,17657,7194,0.85,96.6
47045,35968,15545,2.68,52.6
47047,20616,7964,0.93,94.3
47097,7399,3104,0.54,87.5
47131,31821,14155,3.32,0
47005,16887,8726,5.93,0
47079,30765,15630,1.24,0
47183,37818,16193,1.27,46.4
47053,53082,23075,1.03,0
47109,27129,12250,0.41,0
47077,23110,10333,5.88,48.1
47023,15322,6048,0.26,0
47099,62598,26504,1.31,0
47133,61994,27946,2.12,102.4
47141,69523,30622,1.92,49.1
47185,57703,25500,0.96,49.1
47137,7341,4094,3.41,0
47175,29888,13139,1.3,0
28071,90223,37784,7.96,260.1
28009,35847,14124,5.35,84.1
28139,56399,23969,4.05,0
28107,52623,21981,5.45,471.1
28119,31656,12647,11.63,456.1
28145,57819,24089,4.43,0
28033,167456,63486,28.36,132.5
28093,50097,19073,9.46,138.2
28011,83013,30856,36.63,455.9
28027,36489,13532,11.36,401.8
28133,91250,30839,19.04,562.8
28137,46837,17731,8.69,143.3
28143,12997,5269,9.54,203.7
28038,15606,5695,0.01,0
28161,19615,9246,3.56,200.8
28115,97517,39586,10.27,143.4
28151,80696,30700,30.32,396.9
28053,35423,12557,19.83,265.5
28125,11966,4452,10.09,188.2
28083,45376,16615,13.37,409.6
28135,54105,21279,12.1,446.7
28055,4866,1817,6.41,134.1
28081,81170,33764,3.69,132.8
28123,72527,29419,3.2,251.9
28095,54665,23159,3.72,186
28057,50519,21496,3.54,0
28114,8073,3400,0.23,0
28117,38238,16181,3.62,0
28059,151116,60016,2.7,94
28141,14966,6694,0.27,0
28003,36348,16553,1.82,0
28013,29966,13425,4.12,263.5
28017,28101,11628,2.94,201.4
28015,79784,33263,11.68,461
28043,29665,13071,3.13,153.9
28097,35665,15378,2.21,149.8
28155,33200,14379,2.87,153.5
28051,24190,9633,5.43,246.3
28001,106129,44884,13.26,136.5
28163,39825,14772,16.78,339.5
28049,292337,114962,11.55,687.1
28121,116595,45708,4.25,150.3
28129,98355,38811,3.82,258.1
28127,52953,21581,2.5,157.5
28007,43260,18261,4.1,229.7
28079,70640,29367,5.46,232.7
28089,155165,60207,9.72,272.9
28099,71346,29927,5.48,104.2
28101,34272,14535,3.67,153.5
28029,37878,14755,4.95,235.3
28063,54655,23115,12.13,208.7
28085,71619,29966,5.19,150.1
28021,18523,6867,17.06,203.3
28159,67526,28321,6.48,201.9
28019,10815,4763,0.76,0
28031,95701,39071,5.92,240.2
28065,29017,11943,2.19,196.6
28077,55374,23290,4.27,153.6
28149,33715,14177,5.22,91.5
28008,20463,10015,0.18,50.2
28067,108436,44915,6.67,182.9
28132,3344,1340,0.34,0
28023,76288,33055,5.4,273.6
28075,66146,28666,12.07,191.7
28153,58386,24863,3.12,192.8
28069,51592,21686,6.32,337
28103,19173,8178,5.52,182.3
28061,48015,20483,2.87,305.8
28041,43715,17071,4.13,143.9
28035,121041,49367,8.06,35.4
28073,55580,22577,3.43,0
28091,68044,27922,4.98,153.3
28111,33437,13514,2.99,50
28045,96255,43758,7.61,154.8
28109,56276,23720,7.45,0
28039,22872,8989,1.52,0
28131,36880,14566,5.57,0
28113,71810,30741,5.7,155
28147,35290,14980,1.69,103.1
28047,221162,92903,1.72,216
28037,11262,5463,1.43,148.8
28005,38893,17569,4.51,360.7
28157,14980,7272,2.73,187.7
28087,61041,24886,3.82,115.5
28025,20562,8303,8.05,93.7
28105,44047,17881,2.92,63.5
21073,75643,33262,2.02,0
21211,119860,50251,3.2,0
21179,49409,19683,1.77,45.9
21041,22769,9951,0.43,52.7
21103,96472,40037,2.86,155.1
21223,12715,5411,0.2,0
21215,59439,23265,1.15,40.5
21229,48864,20623,2.7,51.7
21045,56382,26969,1.39,0
21155,49269,20827,0.9,97.6
21217,36411,16482,0.27,0
21185,99561,37501,1.35,40.5
21101,85808,37092,26.17,0
21029,188392,72982,2.39,47.6
21111,713959,313658,1.63,809.3
21005,26772,10967,1.29,0
21093,116166,46249,2.2,91
21123,45797,19899,0.95,45.9
21019,54347,23697,0.34,39.9
21167,24931,11112,1.65,0
21163,60305,26554,0.81,97.3
21027,39382,20028,2.5,50.8
21085,26821,14743,2.16,0
21183,33447,14678,2.62,31.8
21011,56579,26517,4.88,41.7
21017,109107,44697,1.34,45.6
21181,34779,15155,0.88,0
21065,60653,25928,0.53,0
21197,13157,5486,0.07,50.7
21205,35399,14999,0.49,96.4
21165,13971,6912,4.54,0
21067,304582,131644,1.76,245.2
21209,72414,29142,0.86,45.6
21021,92573,39325,2.01,0
21173,56486,23754,0.49,17.2
21109,48527,20932,0.51,0
21129,47734,20955,1.58,0
21113,73391,28579,0.16,40.7
21239,30292,11577,0.83,0
21049,100448,43288,0.82,0
21187,10017,4888,0.87,45.7
21097,20357,8589,0.17,0
21151,92457,37840,1.16,49.6
21094,32884,13638,0.27,0
21051,46700,18920,0.21,36.8
21079,46590,19683,0.53,0
21203,43852,18971,0.39,0
21137,46905,20399,0.28,0
21199,78232,38362,1.28,0
21125,58776,25278,0.26,0
21121,55510,24272,0.09,52.9
21235,48948,21100,0.13,0
21095,32867,14879,0.15,385
21131,15639,6847,0.02,287.3
21013,30601,13584,0.23,51.9
21133,27937,12588,0.08,99.2
21001,46532,21954,5.46,0
21004,5329,2305,0.01,0
21189,5327,2433,0,81.8
21037,88174,36734,0.16,136.3
21023,8766,3936,0.07,0
21015,91381,35678,0.37,0
21191,14067,5635,1.32,0
21081,24762,10264,0.54,0
21117,204013,85039,0.65,123.9
21161,24713,11247,1.26,0
21069,13799,6131,0.49,0
21061,126997,55108,1.82,47.1
21077,7824,3393,0.14,0
21201,2221,1015,0.04,0
21003,59642,26751,0.01,42.7
21031,114682,49777,4.63,89.8
21089,72921,32203,2.65,0
21127,38533,16936,0.23,39.9
21043,31554,13648,0.14,93.9
21135,27091,11990,0.14,0
21063,29179,12482,0.11,0
21115,24122,10561,0,0
21159,23515,10405,0.16,52.1
21071,46045,20121,0.04,236.2
21175,35052,14545,0.13,0
21025,20817,9044,0.2,32.9
21237,9077,4232,0.16,0
21153,17238,7267,0.02,43.4
21193,32938,14232,0.28,61.6
21195,104645,48964,1.25,81.8
21119,35748,15703,0,199.6
21145,69780,32205,1.31,0
21035,52608,24680,0.98,52.2
21039,7720,3493,0.85,0
21007,6296,2944,5.14,47.7
21157,55800,26111,6.93,0
21083,43633,19381,1.21,0
21139,18650,8896,1.25,49.6
21105,33881,15306,8.97,53
21143,7806,4063,0.17,0
21075,8898,4206,12.42,0
21033,34487,16912,1.41,0
21055,15264,7142,0.94,0
21213,73843,30357,0.29,47.1
21227,67505,27256,0.29,47.1
21009,52503,23549,0.1,0
21099,29329,13651,0.25,0
21057,52499,22973,0.62,0
21169,53265,24081,0.38,0
21171,14804,6770,0.23,0
21141,46267,20369,2.16,0
21219,60007,26134,3.43,54.2
21047,95196,40587,3.23,52.2
21221,25787,12770,0.68,0
21087,38390,17339,0.36,0
21177,46073,20331,4.45,47.4
21053,57807,26037,6.21,0
21059,102212,42962,11.98,0
21149,7876,3527,0.09,0
21091,17217,6916,5.46,0
21233,23772,9814,2.39,101.3
21225,18825,7613,1.52,0
21107,48824,21721,3.35,50.3
21255,4686,2134,0.36,0
21231,22306,11089,0.07,0
21207,22989,12722,1,0
21147,16785,7263,1.03,53.5
39089,255901,102042,1.81,95.9
39049,1351845,578111,3.49,1261.6
39097,96740,34286,1.21,43
39159,174954,69702,1.21,51.3
39041,247569,95698,1.23,0
39117,175178,70202,3.29,191.7
39083,87211,35140,2.61,30.3
39031,80897,32586,2.32,53.8
39075,104994,39310,1.81,104.6
39021,115911,46081,1.21,0
39023,266711,109642,2.2,231.9
39005,159177,61558,4.53,101.3
39139,205783,84526,5.58,139
39045,229838,92168,2.32,52.8
39119,113328,47440,4.52,91.5
39091,104575,44888,1.25,105.9
39109,152708,61925,0.58,0
39127,74691,31089,4.78,102.7
39141,119160,48943,5.5,52.7
39073,111968,47038,1.65,153.1
39129,102791,38851,1.16,96.2
39047,41877,17175,0.48,53.3
39099,410338,176060,5.2,636.9
39057,285363,116804,0.58,218.3
39163,57690,24944,1.47,209.5
39007,165114,64515,2.79,96.5
39009,117796,48744,1.81,319.7
39027,72444,29642,1.83,0
39019,75576,34873,1.61,72.5
39033,132343,54363,1.47,105.3
39101,114252,46397,0.76,51.3
39175,121435,49447,2.85,51.3
39065,50977,22103,0.42,87.5
39063,128883,52167,2.62,193.5
39147,101399,41084,1.33,94.6
39011,112371,47982,2.02,41.1
39149,96038,37959,1.94,0
39173,190302,75546,1.48,335.7
39143,147497,62058,3.27,104.5
39123,50775,29331,4.37,85.3
39095,474141,202742,2.16,477.5
39153,774711,323772,13.19,669.3
39043,132081,56998,2.33,51.6
39171,70018,28929,2.23,49.5
39051,58677,22332,0.59,0
39069,100112,39622,1.28,0
39039,66387,27401,1,48.3
39125,65488,26656,1.1,47.6
39137,105421,41080,2.29,0
39085,266033,108083,2.51,89.4
39995,31839,13918,0.24,50
39013,87838,39486,1.79,479.8
39121,41714,18527,3.59,93.8
39111,29421,13622,1.36,37.4
39115,58757,25942,4.57,141.8
39059,68469,30138,3.27,145.4
39167,75047,33515,1.35,117
39157,116890,47786,2.08,0
39067,48684,22419,1.4,42.7
39081,70630,31670,0.74,303.6
39029,176992,72179,5.06,52.4
39093,370000,144075,3.58,235.6
39035,1551682,682346,3.25,1281.9
39055,301280,117425,5.06,150.8
39003,190045,77268,2.74,240.9
39133,315881,126647,14.34,203.9
39103,344030,134498,4.62,156.9
39155,332769,138883,3.28,379.6
39086,17749,8044,0.01,0
39053,88406,39324,2.36,142.2
39151,463675,189511,7.77,446.8
39169,237059,91283,4.6,0
39077,85487,33540,2.3,0
39146,20326,8554,0.42,52.9
39197,20326,8554,0.42,52.9
39061,969419,421338,0.66,1155.9
39017,386969,152022,1.64,139.3
39165,251615,97992,6.78,53.7
39016,187171,76907,0.23,70.8
39135,59402,23878,0.89,0
39015,53469,21459,1.41,51.5
39025,236962,92967,1.06,88
39026,8207,3230,0.07,0
39071,59313,25023,4.5,106.6
39001,35593,15258,1.03,50.2
39037,100849,39720,0.62,0
39113,644014,282143,0.64,701.3
39107,70908,27704,1.78,48.4
39079,102884,42313,5.15,105.8
39131,109710,44165,5.76,184.1
39145,123941,53534,2.68,153.6
39087,92032,39655,2.66,39.2
39105,36794,16865,1.28,102.3
39072,9559,3941,0.09,47.1
39161,48198,19437,0.48,46.3
18035,166377,70267,1.36,174.8
18095,213296,92526,1.61,138.6
18097,907557,404049,2.83,1083.8
18057,317543,132923,2.63,191.3
18159,78657,33881,0.22,38
18059,166144,63488,1.18,54.3
18011,138642,56043,0.85,47.2
18023,89089,36143,0.42,0
18107,47485,19539,0.66,0
18053,113678,47448,0.89,107.2
18015,135001,57590,0.83,0
18157,194963,77063,2.31,139.8
18065,95004,41270,2.05,52
18067,103909,45397,0.38,0
18063,141845,54459,0.99,53.3
18139,63674,25590,0.98,0
18145,148992,58425,2.19,50.3
18133,76134,30669,7.52,53.8
18081,267653,109167,4.29,98.9
18109,93770,36768,2.99,48.5
18119,83244,36846,1.9,143.8
18005,110012,45583,2.87,0
18041,49401,20628,0.56,0
18121,72788,29422,7.12,106.4
18105,185272,77616,11.92,174.6
18031,43785,17558,1.07,0
18013,170599,76032,13.02,128.9
18021,93575,40575,6.75,95.3
18047,94118,38388,3.42,0
18197,14997,9161,0,25.2
18096,52818,24403,0.01,48.6
18127,264289,105920,13,144
18089,578906,234419,15.16,671.6
18073,53551,20426,1.97,0
18111,81644,33823,2.23,103
18091,124701,51511,15.6,155.5
18131,33214,14414,4.22,0
18149,65028,27658,8.66,0
18094,35933,14552,0.6,0
18049,43143,18834,7.18,0
18099,70316,28010,6.81,103.6
18085,125331,51364,13.8,73.4
18141,321132,128759,6.19,530.1
18039,242784,93064,10.32,51.6
18087,88695,33010,9.53,0
18113,105219,41783,11.64,0
18183,77766,31750,3.47,0
18069,108030,44916,3.14,0
18169,75570,31262,2.91,50.4
18151,45454,23125,14.54,0
18033,73133,29799,4.31,0
18003,392438,163971,3.49,287.1
18001,85491,33720,0.84,0
18179,135392,55669,1.98,0
18025,34648,16361,5.09,47.6
18075,36181,14864,0.67,35.7
18103,96914,41508,3.38,49.1
18017,74340,30808,2.15,0
18009,44761,18896,0.58,53.3
18181,100076,39089,0.88,138.1
18029,43231,16645,1.53,0
18137,72833,29968,2.19,95.8
18161,31830,13593,0.54,0
18155,30186,13753,0.59,0
18115,8388,3530,0.67,0
18071,50774,21024,2.12,0
18143,32926,13709,2.94,0
18019,104074,42366,1.77,0
18043,102463,41737,1.05,53.5
18175,62042,25578,4.31,51.6
18093,58439,25718,1.24,87
18117,46879,20569,1.45,0
18061,48127,18910,0.28,102.9
18123,31115,13311,2.5,52.1
18077,32524,13724,0.82,0
18055,124512,53635,5.57,91.7
18079,66384,27499,2.17,33.5
18135,36459,15519,0.52,0
18177,103987,44436,1.29,0
18037,50030,20002,2.51,0
18101,36878,15947,2.58,0
18153,31017,12820,5.77,95.1
18027,36118,14666,4.55,0
18083,43613,18284,2.25,93
18147,40689,16428,3.88,84.4
18173,91083,35736,7.7,103.2
18125,16142,7037,4.8,0
18051,37607,16126,8.63,42
18129,49479,20218,8.9,51.5
18163,159225,71141,1.58,291.6
18167,129539,55214,5.85,151.9
18165,16445,7250,1.24,51
18171,76902,27172,0.86,39.2
18007,14863,6074,0.38,35
18045,24304,10280,0.82,51.3
26147,208937,84209,2.05,101.5
26099,710385,289318,6.45,589.8
26087,180889,69480,12.74,51.2
26125,888236,370512,12.74,719.8
26151,69385,32456,1.31,51.8
26145,257676,103723,1.08,160.1
26090,34464,12213,0,0
26009,114094,55595,17.89,0
26163,2094888,840601,4.62,1679.4
26161,427290,174310,14.07,167.2
26093,226864,88173,23.95,0
26115,133461,50507,3.81,53.8
26075,197282,78520,20.76,96
26081,620719,241835,19.33,377.5
26000,41953,15046,0,0
26063,48655,26015,3.24,0
26155,97810,38980,3.5,0
26049,526545,218304,17.44,380.5
26157,92887,37391,2.5,0
26127,64258,31215,13.48,0
26017,226395,92138,3.43,196.2
26011,35052,18666,2.01,107.9
26051,38754,23431,11.1,0
26129,47503,34983,18.34,0
26035,63410,41721,17.62,50.9
26111,102538,41341,6.81,40.6
26057,89690,33500,4.08,175.8
26073,105339,45255,10.01,36.8
26119,14112,13493,15.1,0
26135,16038,14931,12.46,0
26143,44073,35783,64.18,0
26107,75400,39388,19.11,49.6
26133,33618,20427,10.87,0
26047,38271,22431,7.86,37.3
26101,69552,34882,11,84.5
26001,28219,23740,11.16,0
26039,22432,17991,20.52,0
26029,51438,29584,13.55,0
26069,37206,28201,14.3,96.6
26007,38804,21117,20.38,0
26037,161183,65203,2.73,82.7
26067,102256,37527,5.28,100.2
26117,96256,41437,18.46,96.7
26025,151444,63424,8.83,181.5
26045,202209,82221,4.66,147.1
26065,344467,142472,3.3,334.3
26015,141505,58736,19.94,50.6
26006,18583,8740,0.02,38.5
26077,223598,91704,13.49,166.1
26159,203390,90236,21.26,90.8
26005,223972,89423,15.44,97.3
26023,53260,22938,10.34,0
26149,85564,35784,14.63,21.8
26021,172897,78006,4.52,90.9
26027,93261,42283,15.75,0
26059,64440,27652,11.45,0
26121,230003,92610,20.12,121.5
26091,104672,41603,6.24,0
26123,117667,51016,18.25,127.8
26085,45655,32120,19.61,96.8
26139,352889,130900,2.75,122.1
26105,44443,25078,8.54,0
26113,38284,19749,14.09,0
26165,50853,25677,14.14,0
26079,41150,25924,16.47,0
26019,21795,14021,32.05,52.8
26055,62241,28810,19.61,0
26089,51864,26914,17.91,0
26031,39606,24250,14.64,110.6
26141,43740,24915,39,0
26033,39005,19773,20.54,83.8
26097,23062,15661,39.59,53.3
26137,36867,22740,14.12,0
26043,20618,10819,8.7,35.9
26083,4772,4087,4.97,51.9
26003,15970,10329,54.06,0
26041,47665,25017,17.6,52.7
26109,30055,15837,4.75,98.3
26103,66839,34269,35.22,94.8
26153,10667,7359,23.47,0
26095,7054,3906,9.85,0
26013,9890,5379,6.2,83.8
26071,14091,9157,18.37,144.1
26061,36931,18483,4.15,420.2
26131,8160,5737,2.71,54
26053,17487,10992,27.59,48.7
26999,5864,3698,8.66,0
19181,76145,30010,3.08,0
19001,21606,9861,2.59,51.8
19049,44817,17816,2.38,97
19127,45893,19224,1.15,102.5
19083,22583,9962,0.8,54
19153,371546,154671,2.99,327.9
19185,15776,7462,5.06,53.1
19015,85040,36768,0.81,147.9
19169,60784,25803,1.08,53.6
19009,19710,8751,0.97,0
19029,20083,8964,0.91,51.8
19077,17380,8059,1.03,0
19165,28611,12260,1.05,0
19073,13484,5997,1.33,45
19123,41410,17398,1.87,53.7
19099,43564,17890,2.14,0
19121,29115,11245,1.9,50
19079,15953,6913,0.72,0
19197,15860,7225,1.91,0
19069,14564,6447,0.64,0
19125,50259,20374,2.63,0
19135,19446,8644,4.42,0
19117,11688,5264,3.81,0
19027,22129,9306,0.95,0
19053,10552,4712,1.76,97.9
19159,12423,5769,2.27,45.2
19107,12392,5416,0.57,0
19157,24302,10777,1.37,50.9
19171,41122,17154,1.46,104.7
19039,15226,6622,1.05,0
19095,16053,6741,0.93,82
19187,40438,17147,0.65,51.1
19175,17146,7761,1.92,0
19151,9160,4206,0.91,51.8
19075,61223,24025,0.91,99.6
19033,46344,21477,1.2,0
19081,11098,4756,1.53,42.9
19189,13090,5615,1.82,50
19131,15354,6418,0.17,0
19195,7605,3421,1,0
19067,23730,10327,1.65,0
19109,16360,7295,1.16,0
19089,17907,7695,0.52,48.2
19021,20709,8287,5.32,106.7
19063,11240,4976,7.18,0
19147,10541,4826,7.23,53.1
19091,12147,5384,0.68,53.5
19161,11070,5249,2.25,0
19025,14342,6575,1.07,0
19023,71424,27832,2.33,97.8
19037,27571,11937,2.07,0
19043,20923,9519,0.92,139.1
19065,26710,11506,1.48,44.5
19019,34075,14262,0.73,0
19013,141372,57336,1.16,89.7
19017,65641,25140,2.76,45.6
19055,23043,9609,0.58,0
19011,28024,11492,0.73,0
19003,20570,9456,3.5,51.8
19173,13419,6199,2.83,0
19137,17012,7679,1.46,0
19145,27146,12062,1.16,0
19203,2288,1035,0.08,0
19149,23614,9438,0.24,47.2
19167,31320,11157,0.68,97
19193,105641,42078,3.09,170.9
19035,12827,5763,0.16,0
19093,7685,3444,0.51,0
19133,12942,5932,3.68,52.4
19141,15656,6725,0.18,0
19041,16889,7567,0.79,33.3
19119,11730,4749,0.15,0
19143,6839,2927,0.69,0
19191,24294,9478,0.3,52.1
19059,16297,11320,13.12,0
19047,19196,7906,0.84,0
19155,105700,43729,3.8,79.9
19085,20192,8409,2.89,44.4
19129,16314,6394,2.12,0
19071,45427,20255,4.2,0
19061,74057,30480,1,50.7
19097,19928,8580,2.67,50.7
19105,22074,8876,0.27,102.2
19045,49541,21366,1.03,50.5
19005,14921,7241,1.19,0
19163,165676,68432,1.14,213.6
19183,23661,9482,1.38,0
19113,215576,90687,3.11,282.5
19150,8087,2930,0.05,49.8
19031,20790,8450,0.32,0
19103,189218,79277,2.18,326
19112,39913,17034,0.13,0
19179,36020,15869,0.96,44.4
19101,26091,11917,0.66,53.5
19177,6684,3050,5.41,0
19051,8767,3631,1.39,0
19007,13864,6730,1.2,0
19057,41843,18410,1.8,0
19111,37592,16430,1.26,54.1
19087,21258,8642,0.53,54.1
19115,12137,5106,3.65,52.9
19139,13441,5260,1.26,0
55117,128476,51672,4.92,103.5
55027,173521,68999,19.57,0
55131,208345,80890,13.51,49.4
55089,110069,43660,3.56,49.4
55113,46186,28663,88.71,104.6
55133,374517,145709,19.88,100.6
55039,126220,50527,5.62,0
55079,987815,418344,0.94,1096.4
55015,116151,46443,2.09,43.3
55071,105892,44256,5.8,0
55055,157556,63036,15.79,39.6
55059,175463,70186,8.46,136.4
55101,245573,96143,11.5,132.4
55127,146117,64063,13.98,84.4
55105,222945,90296,5.41,93.9
55010,2774,1168,0.81,0
55005,85049,38972,39.15,67.9
55045,51053,20734,1.89,0
55049,61631,24690,1.41,144.9
55065,42732,16683,1.33,43.5
55025,474487,200927,7.93,277.1
55100,47513,19027,0.01,54.3
55201,54126,21655,0.2,54.3
55023,33935,16060,1.73,90.1
55043,64085,26487,3.71,43.5
55103,38520,17656,2.53,54.3
55007,35054,20903,37.04,199.5
55021,104583,45142,9.4,48.5
55111,74025,33261,5.27,42.9
55177,14804,6379,0.01,0
55085,64412,47381,132.97,50.2
55077,51094,26271,12.07,46.4
55001,73288,39347,12.16,52
55047,42951,21089,7.43,0
55057,53440,27353,19.42,54.3
55081,67038,27230,15.82,0
55123,43236,19186,0.82,0
55137,109346,50358,14.12,46.7
55095,66152,32846,49.89,52.7
55093,72382,27050,2.47,96.7
55109,91256,34757,7.64,48.8
55033,125863,50907,14.88,148.2
55083,55647,28086,18.47,0
55075,57521,34286,16.13,43.3
55037,8758,6724,10.26,0
55041,20120,17448,55.09,51.6
55087,312437,121731,3.63,52
55115,96254,41307,9.89,107.5
55009,282081,110976,5.2,145.8
55078,11362,5613,4.75,78.3
55090,7380,2746,0.09,0
55029,42004,25306,6.56,0
55061,27667,11273,2.43,0
55091,43571,19142,1.63,47.1
55073,189417,77389,12.98,44.6
55019,74831,31106,8.04,0
55097,139040,58331,16.46,49.4
55067,47967,24262,23.33,0
55141,88055,37909,17.75,53.4
55119,41529,17115,10.42,0
55017,105847,43754,16.93,50
55069,55568,28607,45.66,0
55099,24286,15927,49.01,50.2
55053,49482,20864,16.67,0
55135,67712,29799,10.67,0
55125,28934,29203,121.33,50.2
55003,23340,12613,12.11,121.9
55051,17237,13600,52.7,204.5
55107,44937,22312,29.92,0
55999,2233,2901,16.18,0
55063,134408,54541,3.21,90.4
55011,28538,12121,5.43,54.3
55121,35558,15041,7.66,80.2
55035,146738,59349,3.09,98.5
55013,31815,21805,65.08,47.7
55129,46042,29541,98.27,0
55031,46618,25298,37.36,49.3
55139,223268,90616,2.13,46.7
55187,2021,935,0.3,0
27163,322903,120459,26.4,190.2
27003,366711,134189,28.26,99.9
27025,80074,30570,28.35,0
27059,68714,26111,14.82,0
27065,29917,16075,11.84,0
27115,50230,26096,28.1,50
27037,400579,148022,9.66,241.6
27049,84039,32700,3.1,0
27131,99393,36377,28.25,52.8
27139,129059,44487,12.86,0
27157,54728,22116,1.44,51.7
27147,59203,23111,5.94,0
27161,39912,16501,27.85,0
27001,48965,32514,104,0
27123,715073,288084,12.29,714.5
27168,28019,11598,0.35,0
27127,67222,27556,11.48,105.1
27171,134120,49964,49.52,54.3
27053,1322223,546006,36.94,1475.3
27143,53117,21376,20.34,0
27141,159361,59348,16.6,136.2
27067,62809,27700,78.77,0
27129,49243,21020,15.38,51.8
27085,48700,19432,22.01,0
27019,111057,40169,25.82,0
27145,187418,73546,76.08,302.5
27093,56606,24749,58,0
27103,87462,33928,11.7,90.5
27015,80838,32586,11.34,42.6
27009,70752,26729,6.94,44.6
27095,40967,18859,11.02,0
27083,46851,18891,17.96,90.6
27075,17256,10983,117.78,153.8
27137,220516,105137,365.35,545.9
27031,5156,4626,91.37,37.3
27017,47204,21272,18.91,0
27061,69006,37700,184.92,146.6
27167,61753,26373,22.51,93.6
27109,148065,58923,8.8,105.7
27099,52204,21708,1.03,0
27169,67445,26574,2.69,46.3
27039,36972,14027,2.86,0
27047,44707,19052,14.83,0
27055,23426,9716,1.6,53.2
27045,30888,12763,0.76,0
27191,5499,2234,0,0
27089,25905,11971,8.2,0
27005,53794,31848,178.14,95.9
27013,81626,32701,22.14,42.6
27043,25246,10997,15.56,0
27091,30785,13887,18.29,0
27079,51406,20119,27.77,47.9
27189,2764,1295,2.38,0
27033,19586,8728,12.48,0
27165,19579,8185,9.04,41.8
27195,758,328,1.42,0
27063,34974,15014,22.59,0
27105,27351,11174,8.58,0
27081,11305,5195,11.32,0
27101,26385,12052,15.69,0
27133,12535,5391,0.23,0
27117,14247,6403,6.84,0
27023,43296,18250,12.63,39.6
27149,13106,5510,22.11,48.6
27151,15549,6333,14.69,39.6
27011,11235,5333,31.13,93.6
27073,24445,10706,8.45,39.6
27155,7354,3709,15.88,54
27051,34040,17032,79.82,0
27173,29471,12921,9.49,0
27121,43913,21654,73.83,0
27097,73294,31302,42.99,50.9
27041,47677,24430,105.39,0
27111,102518,56036,219.03,0
27153,44166,21473,56,0
27035,80004,49374,130.78,53
27021,85538,48136,161.24,171.2
27057,59715,32330,143.46,94.1
27159,30879,15961,42.52,40.2
27107,13855,6304,10.66,53.4
27027,61676,26359,39.69,47.4
27087,9185,4832,38.3,142.6
27119,58055,26293,44.46,104.7
27125,17540,8136,10.42,51
27029,12986,6256,30.47,53.4
27007,49051,21999,96.17,216.6
27071,17834,9780,9.89,0
27077,5304,3603,0.87,0
27135,18805,8643,13.82,0
27113,18733,8299,1.38,0
27069,6496,3295,13.35,0
27999,512,239,0.09,0
46083,49969,20183,0.72,0
46127,15155,6395,2.44,0
46011,32112,13645,20.27,43.8
46101,36560,14972,4.61,95.3
46099,189949,78920,11.04,143.4
46027,19952,8182,0.57,45
46087,20472,8591,8.65,52.2
46125,17228,7402,1.11,0
46079,26206,11625,21.05,52.2
46999,26062,11523,31.71,84.6
46067,16572,6995,2.71,0
46135,25615,10662,1.5,0
46009,42080,17276,1.23,52
46077,9111,4473,39.22,0
46097,7584,3333,2.78,0
46029,28300,12298,42.81,0
46057,35791,16066,55.15,0
46039,7973,3859,19.76,0
46051,12123,6181,32.6,104.7
46109,17686,8402,45.45,144.7
46025,6360,2864,14.05,0
46037,13645,6804,107.65,153.1
46091,9546,4578,56.95,102.4
46115,9583,4275,10.66,0
46035,22778,9675,2.1,0
46061,25598,10899,4.53,0
46005,20401,9814,9.67,0
46073,5105,2487,4,38.1
46023,13825,5883,11.7,107.8
46043,10837,4578,3.71,0
46111,19053,9145,7.27,0
46053,5065,2543,2.24,44
46015,9050,3820,11.7,0
46017,9208,3891,18.01,85.5
46003,12056,5164,9.12,0
46049,4974,2294,10.98,0
46069,2761,1288,8.96,50
46059,10212,4950,11.61,54.3
46085,6835,2986,11.08,22.9
46013,37402,16694,23.63,0
46129,7848,4023,8.48,50.9
46045,6242,2810,13.83,0
46089,4793,2363,18.04,0
46021,3899,2163,12.4,0
46041,13455,5995,12.72,261.2
46107,3103,1950,7.46,0
46119,19879,9189,67.7,54
46065,21095,9391,64.55,104.9
46071,8522,3358,13.09,156.5
46095,4736,1906,7.83,238.6
46123,9247,4387,9.64,0
46075,1978,993,5.2,54.3
46117,4494,2114,11.81,0
46055,2467,1158,14.32,0
46007,5350,1787,6.49,197
46121,8855,2682,2.37,151.5
46063,2035,1186,10.81,0
46105,3003,1554,13.89,0
46031,5706,2199,8.92,104.2
46137,2199,849,6.51,71.5
46093,101758,42654,17.09,143.1
46103,90029,38543,8.7,149.2
46113,14506,3991,3.93,269.2
46019,22543,9968,20.33,38
46033,14712,7409,10.7,100.6
46047,8239,4213,10.03,48.1
46081,30594,14339,2.02,79
38077,23287,9658,11.7,53.6
38017,110785,49279,3.59,92.3
38097,10338,4630,2.81,100.4
38081,9648,4382,15.8,0
38091,9235,4540,8.46,0
38003,16400,7806,20.47,52.5
38073,9005,4040,7.21,0
38999,14773,7525,41.7,0
38045,9412,4424,11.05,0
38021,9883,4547,11.29,0
38039,4822,2589,19.46,0
38019,42626,19410,31.63,46.6
38035,52665,21823,5.59,155.3
38099,15039,7160,20.47,97.5
38063,4737,2555,40.27,102
38067,9804,4762,3.58,40.7
38071,16209,7952,157.35,106.6
38009,19156,9585,49.85,43
38079,15127,5796,51.32,134.7
38069,12867,6513,109.51,87.5
38095,6437,3328,33.89,52.1
38005,17211,8075,145.75,195.1
38083,6286,3527,56.06,0
38103,11621,5896,48.4,0
38027,7173,3597,35.07,52.3
38031,6314,3095,22.29,0
38049,12336,6168,100.95,36.8
38093,27327,12448,103.09,53.5
38051,4384,2444,36.4,0
38043,4917,2771,117.28,0
38047,4411,2350,29.18,0
38015,70523,29563,44.93,0
38029,28765,11703,31.21,0
38037,8167,4161,9.55,0
38059,26283,11172,24.73,0
38057,12142,6403,16.88,52.5
38065,33044,14564,37.58,0
38085,4222,1280,1.42,58.8
38055,12590,7112,194.84,50.6
38001,4698,2537,2.44,0
38041,3759,2017,2.35,0
38025,26106,11615,74.84,89.6
38089,26974,11942,3.96,0
38087,4862,2502,6.42,0
38033,2269,1242,2.58,51.5
38053,26517,12650,175.16,85.5
38007,3673,1848,4.56,0
38011,4044,2086,5.77,0
38101,45496,20195,73.63,0
38061,10908,5483,180.86,99
38013,6127,3425,52.86,44.8
38075,5468,2834,23.72,0
38023,3050,2040,36.48,0
38105,20163,9945,20.77,48.9
30095,8566,4108,9.56,0
30111,129933,54794,8.3,45
30087,10076,4096,6.89,84.8
30009,18862,9264,12.98,41.1
30103,952,467,5.41,54.3
30097,3476,1843,6.92,0
30003,11860,4416,19.6,245
30067,15632,8138,5.44,38.5
30027,11955,5583,11.22,0
30107,2161,1161,5.17,0
30037,1012,437,1.09,0
30059,2045,1317,3.04,0
30065,4478,2306,3.76,0
30033,1279,961,10.39,0
30075,1567,862,0.6,0
30069,493,292,20.11,0
30085,11262,4340,4.78,136.6
30091,4174,2203,15.78,0
30055,1656,934,32.53,0
30083,9392,4427,3.36,0
30019,1972,1126,0.43,0
30105,7365,3764,134.99,49.8
30021,9073,4177,10.32,0
30071,4882,2604,72.78,0
30017,11696,5360,10.09,54.3
30011,1360,811,8.73,0
30025,2837,1410,2.68,0
30079,1199,718,6.01,0
30109,1068,587,0.78,0
30013,81654,35826,10.74,90.9
30049,37725,18279,11.11,99.4
30035,12889,5047,23.75,99.7
30073,7000,3081,31.92,100.6
30099,6428,2894,19.41,0
30015,4978,2478,10.06,0
30101,5334,2312,20.67,0
30045,2267,1300,0.84,0
30041,17581,7689,20.02,49.7
30051,1995,997,2.74,0
30005,7456,3189,17.4,94.5
30043,16030,6441,1.81,0
30007,7086,3178,6.86,0
30093,37920,17669,2.37,52.8
30057,9926,6049,16.75,0
30023,9442,5163,3.41,31.2
30077,7176,2918,4.9,53.6
30031,51310,22671,26.18,99.9
30001,9281,4654,29.92,0
30063,83309,36520,15.6,133.7
30061,4491,2205,3.08,0
30047,30414,14347,14.09,344.2
30089,12741,6316,4.65,158.4
30081,37212,16347,5.81,94.9
30039,2506,1595,3.08,0
30029,77168,36764,163.99,121.9
30053,18837,9319,37.61,21.4
17097,850183,303492,13.11,430
17031,5509618,2144450,10.71,3790
17043,1228460,444273,4.52,104
17089,546610,191924,4.2,47
17111,336408,121685,6.73,0
17007,176601,69776,1.58,0
17037,132535,49321,1.09,38.4
17141,134667,53548,0.74,48.7
17034,61481,22079,0.16,0
17197,546881,196637,6.54,242.7
17063,56001,22667,13.39,0
17199,139538,62797,12.16,208.5
17105,75119,30093,1.65,52.4
17931,54499,22549,0,0
17003,31455,13191,5.53,95.2
17030,9520,3619,0.23,0
17099,124446,51692,4.47,103.5
17093,55603,20030,0.39,0
17103,107148,43457,2.66,52.5
17091,106015,41406,1.19,258.3
17053,29929,12614,1.09,103
17075,56184,23277,0.87,91.1
17183,84302,36502,1.56,141.5
17113,167853,67073,2.59,86.8
17019,165899,68663,9.09,282.2
17085,37803,18774,2.52,96.8
17177,59971,26255,0.95,0
17201,255079,105303,1.57,177.4
17015,23068,10576,2.09,0
17195,72409,29912,2.48,64.5
17161,159211,68544,2.11,203.2
17131,18804,7943,1.56,100.5
17073,59901,24813,1.15,105.1
17061,81007,35278,2.12,0
17050,19895,8744,0.28,0
17011,61268,26650,3.78,106.2
17175,17616,7472,1,28.6
17123,34865,15171,1.93,0
17203,62002,24940,1.9,0
17155,18919,8579,1.24,50.7
17095,68718,29201,3.91,51.4
17187,64659,27242,1.31,104.6
17057,51342,21865,17.51,106
17109,39758,16283,1.61,42.1
17071,28287,12638,2.12,106.7
17067,27585,12137,1.29,48.5
17169,18773,7722,5.57,54
17143,189761,80814,3.11,232.6
17179,138235,56398,3.37,0
17125,22196,9555,13.42,0
17107,41646,16187,1.21,0
17039,24941,10522,0.48,48.1
17115,115965,50845,0.53,215.1
17147,16398,6820,0.33,0
17041,22392,8900,0.52,50.6
17139,39944,17552,8.93,0
17029,76886,33275,2.47,36.3
17045,30242,13312,2.42,48.9
17173,57553,25325,3.33,0
17035,65010,28734,2.59,0
17119,291531,122033,16.32,473.7
17117,104901,45703,4.88,149.8
17013,7808,4007,4.26,0
17051,39781,16901,5.09,48.4
17083,42811,17305,3.79,46.8
17135,59824,25344,7.2,129
17005,39795,15983,4.17,21.2
17149,26641,11424,3.14,0
17163,313136,125830,12.73,432.8
17021,48492,20570,7.19,80
17137,52140,21832,5.33,0
17171,40219,16923,3.87,0
17189,43323,18074,3.68,36.8
17027,91128,36231,5.69,54
17157,42879,17057,9.76,156.5
17165,51196,23330,4.94,0
17133,42043,16654,5.32,53
17145,24707,10146,5.31,48.6
17077,82122,37189,9.09,233.3
17001,76845,33227,2.87,0
17009,14474,5849,1.23,0
17049,45650,18666,1.71,0
17101,20970,9342,0.73,0
17185,16114,7190,0.44,0
17023,22291,10127,2.55,0
17033,27006,11723,1.25,0
17159,26817,12148,5.56,0
17079,29494,12204,4.03,36.2
17025,37725,16680,7.88,36.2
17191,44266,20301,4.33,0
17047,21074,9870,2.33,0
17167,202654,91383,5.76,156.2
17017,15066,6353,3.59,0
17129,18747,7798,1.4,0
17081,68404,28737,3.33,0
17121,56442,23758,2.76,0
17193,18099,8728,1.99,47.7
17055,52656,23357,5.04,252.3
17065,27234,12601,2.77,0
17059,17646,8609,3.35,0
17087,47287,22595,5.63,35.7
17181,55516,26983,4.72,85.4
17127,20620,9644,5.28,52.1
17151,35119,16272,6.24,53.3
17069,7867,4081,1.19,0
17153,10357,4656,1.32,133.1
29071,137070,56160,3.47,0
29189,1092361,458755,1.66,1071.1
29099,258424,98877,3.62,107.5
29073,43357,20574,3.03,49.5
29000,56737,21422,0.35,0
29187,73133,32694,4.86,104.8
29009,80806,36098,0.33,0
29221,46526,20834,4.6,0
29510,413345,205458,0.01,685.4
29183,246388,92881,4.78,52.7
29163,30682,12543,4.48,144.9
29139,20416,10123,2.62,50.8
29113,71985,29356,4.76,71.8
29007,55933,25018,5.86,73
29219,36140,16417,2.91,0
29027,142807,58971,7.94,186.8
29173,38724,17108,3.2,46.4
29138,13931,5270,0.13,0
29127,36444,16194,2.68,0
29045,35094,14053,2.75,50.5
29121,25543,12068,6.88,0
29199,8413,4002,2.16,0
29111,14057,6426,2.95,0
29205,9519,4482,1.81,0
29137,60402,27133,8.26,52
29103,12331,5993,1.76,146.8
29001,29310,12865,2.8,41.6
29175,33153,14376,2.5,103.4
29051,75133,30538,4.26,48.9
29171,8281,4348,2.29,0
29197,5200,2465,1.01,0
29211,13600,6820,2.35,0
29115,17145,8217,6.82,53.6
29041,20355,9932,9.42,53.6
29093,17855,8410,2.23,49.2
29123,43972,18679,2.86,0
29179,11674,6185,2.32,0
29186,50716,21463,5.76,0
29065,49555,22409,1.52,0
29203,56234,25707,1.66,0
29223,22917,12434,6.96,94.7
29035,21764,10598,1.81,0
29017,48014,21519,3.86,42
29157,21035,9117,2.35,0
29031,91389,39507,3.54,0
29207,65340,28514,2.25,37
29201,51604,21786,5.1,51.9
29020,23779,10101,0.32,0
29133,37670,16139,5.41,147.4
29143,57433,24838,3.01,338.5
29069,40202,17807,1.84,140.2
29155,41052,17807,1.86,294.2
29023,47885,22661,6.27,0
29181,48265,22138,0.82,44.8
29149,48829,22215,0.92,0
29107,43764,17752,5.62,0
29101,106327,42083,8.52,47
29037,101900,39036,5.09,17.4
29095,666985,296012,5.93,1277.6
29177,41975,17641,2.86,36.7
29165,87393,36435,3.7,196.2
29159,79457,35072,4.7,52.3
29195,29471,12409,5.01,208.8
29047,217274,89122,2.17,234.1
29033,13817,6478,3.11,0
29049,44604,16887,1.9,49.3
29085,46655,27034,3.45,48.1
29021,96703,40852,2.81,145.7
29075,12638,5788,1.28,52.5
29003,51372,21181,1.31,106.6
29063,21587,8171,2.04,49.3
29147,24981,10269,1.34,144
29081,12220,6075,1.29,0
29005,8221,3949,1.16,0
29025,27571,11382,1.35,49.3
29061,37301,15615,2.21,49.3
29087,14924,7012,4.91,0
29227,3145,1611,0.27,52.5
29117,28323,12996,2.94,0
29129,5899,3177,1.12,0
29079,13674,6536,1.18,0
29013,24768,10833,5.44,0
29083,29070,13516,5.51,0
29185,30127,15328,19.05,54.2
29217,32490,14478,5.14,54
29015,46399,30138,20.52,0
29039,26842,13357,16.21,0
29011,20679,8984,4.34,0
29057,30755,14099,2.34,0
29097,126347,54712,2.48,107.3
29109,74908,31324,1,0
29145,89129,38398,0.33,0
29154,34586,15670,0.09,0
29119,53509,22440,0.28,18.9
29125,54196,24188,1.77,0
29151,49567,20973,4.17,48.9
29019,142521,59435,3.37,137.3
29135,28098,11851,0.98,104.2
29141,46729,30352,1.41,158.3
29161,69904,31776,3.23,113.1
29029,75953,53801,4.1,0
29131,44545,26242,1.87,53.7
29053,32802,13043,1.24,101.9
29055,49244,22932,3.11,0
29089,20002,8451,1.96,50.3
29169,50490,19762,4.06,166.2
29215,58308,27033,1.76,50
29059,55315,24242,3.41,0
29105,45040,19898,3.72,0
29229,44133,18450,1.63,0
29091,47180,20894,0.8,0
29167,52885,22317,1.96,0
29077,295589,126579,2.27,227.9
29209,92451,45035,2.79,0
29067,73084,31514,1.22,0
29153,20376,9794,0.04,45.4
29213,59213,29893,1.12,203
29043,105400,44872,0.34,99.3
29225,51491,20378,0.73,0
20005,29373,12214,5.56,106.5
20043,22184,9154,2.38,155.7
20087,53002,21196,5.62,52.2
20103,91116,33513,4.13,156.9
20045,75708,29650,2.13,73.9
20059,35965,14473,4.28,0
20003,11418,5102,2.55,0
20011,19842,9197,2.66,96.1
20107,25502,12065,9.8,96.1
20209,179564,75777,0.96,359.3
20091,559980,224860,2.44,299.2
20121,43516,17137,9.36,0
20001,28310,12713,1.93,52.1
20013,16449,7128,2.09,52.6
20031,20487,9169,9.28,0
20177,182159,78552,3.56,338
20085,43715,16974,4.23,54.3
20055,72845,25193,1.63,0
20139,28148,11527,6.93,0
20009,64968,28892,2.28,93.7
20173,540308,224784,9.97,509.5
20197,101559,43144,11.3,38.7
20117,12887,5823,1.34,0
20131,14953,6207,2.43,36.8
20149,58857,24416,5.41,38.7
20161,55989,23066,2.45,119.6
20201,9513,4623,0.58,98.9
20111,47390,20288,11.84,51.7
20041,44793,20333,3.29,46.4
20061,78454,31348,2.86,91.6
20999,983,445,0.16,44.9
20037,50038,22573,3.61,148.7
20205,27932,13322,7.18,52.6
20021,52972,23756,4.02,92.4
20207,24112,11347,8.08,106.9
20133,35927,16075,3.56,53.1
20049,10139,5638,5.34,0
20073,14909,8053,14.87,52.6
20125,46420,21828,2.72,0
20097,12850,6254,1.82,0
20145,36797,16680,1.71,44.7
20099,43402,20089,3.68,53.1
20217,513,234,0.06,47.8
20017,34696,14447,4.4,101.6
20127,11548,5804,6.08,0
20115,42444,18239,4.05,0
20015,124054,48650,23.53,50.8
20079,50738,20113,2.44,0
20029,16534,7729,1.8,0
20157,14869,7371,2.39,44.9
20183,7476,3965,8.41,0
20089,12134,6144,5.89,0
20027,21674,9998,1.02,0
20147,6776,3449,4.12,0
20077,10013,4968,1.84,0
20095,16748,7239,3.84,0
20191,38107,15419,2.12,0
20035,50952,21449,6.4,50.8
20155,84144,35670,9.59,103.8
20151,15371,7389,1.68,0
20185,35271,16182,3.29,0
20019,7117,3614,4.36,52.7
20007,6338,3233,2.27,0
20033,2033,1121,1.07,0
20047,7581,3749,0.29,0
20113,53905,22000,2.7,0
20025,4180,1953,0.69,0
20175,39271,15434,1.81,0
20123,54438,23062,5.01,0
20109,15572,7044,0.62,0
20169,56176,23817,2.41,0
20105,13109,6130,2.82,53.2
20143,9872,4457,1.27,0
20053,46474,17158,2.81,0
20159,19724,8589,2.2,0
20141,7665,4244,9.34,50.5
20167,14127,7309,2.29,101.4
20165,10705,4990,0.5,91.5
20135,4411,2341,0.43,0
20195,9468,4551,0.59,0
20101,40189,14125,0.8,0
20083,35166,13094,1.13,0
20051,33834,15324,1.86,91.7
20057,35051,12790,1.67,0
20063,6750,3074,0.21,0
20137,7691,3561,3.91,0
20065,7833,4052,0.79,0
20039,4464,2359,0.79,53.5
20179,9392,4335,0.6,53.5
20163,11185,5654,5.32,0
20153,14030,6658,0.64,47.6
20193,11984,5360,0.31,0
20023,4473,2282,0.05,0
20181,9239,4164,0.28,0
20199,2264,1017,0.11,0
20071,2678,1241,0.02,0
20069,7483,2840,0.63,0
20075,2745,1241,0.35,43.8
20081,42593,14744,0.97,0
20119,6662,2793,1.62,0
20093,15243,5560,0.81,0
20171,46186,16309,0.88,0
20067,12106,4672,0.3,0
20129,3473,1484,0.24,0
20187,4848,2106,0.37,0
20203,7704,3429,0.19,0
20189,27688,10232,0.4,0
31023,37712,16162,3.48,0
31177,18940,7508,3.95,0
31155,46602,18418,1.96,0
31039,20567,8780,3.43,0
31153,148119,53746,8.1,48.4
31035,43746,18375,1.25,0
31055,530756,216819,8.88,653.9
31025,28958,11758,3.04,0
31021,9537,4267,3.74,37.3
31053,45541,19620,11.41,53.8
31173,9383,3766,2.55,83.5
31043,23074,8680,1.38,0
31179,20685,8254,0.91,39.2
31067,28175,12105,6.41,0
31097,8419,3899,2.35,0
31109,260427,108195,6.44,342.5
31131,23678,9988,2.94,98.1
31095,52971,22692,5.97,0
31169,38041,16090,2.87,48.1
31127,11866,5524,0.94,44.4
31159,23090,9131,1.74,0
31185,25337,10825,0.66,0
31143,35780,15449,4.07,0
31081,17074,7242,2.62,0
31059,10521,4733,0.4,0
31133,5442,2741,2,0
31129,7332,3640,0.96,0
31999,13576,7312,1.33,0
31151,20772,8413,2.54,102
31147,9948,4765,0.65,54
31037,39475,16339,2.86,0
31141,37693,15840,2.88,0
31011,12041,5279,1.66,0
31077,7597,3525,1.57,0
31183,4981,2340,1.19,0
31125,8473,3751,1.18,0
31121,43828,18538,23.22,0
31167,44215,18054,3.29,0
31003,14181,6361,2.5,0
31175,7604,3968,5.13,0
31119,42043,16972,3.19,0
31139,42916,17767,4.38,0
31051,17822,6952,3.55,39.2
31089,14758,6952,8.92,0
31149,4033,2138,5.97,0
31027,14024,6315,6.44,0
31107,18148,8831,4.21,51.9
31015,2589,1499,5.97,53.8
31071,6046,3024,4.84,0
31103,4263,2231,5.01,0
31079,88409,36172,8.09,0
31093,31194,12825,4.96,0
31019,27328,11545,3.54,0
31009,1326,694,4.66,0
31041,39251,16763,8.35,0
31115,4480,2293,3.85,0
31163,6724,3416,6.58,0
31017,3897,2121,6.06,0
31113,2156,1108,2.15,0
31047,29399,12331,12.65,0
31137,13889,5817,2.23,0
31099,14239,5814,0.68,0
31073,19817,8404,13.53,0
31001,35330,14776,1.21,0
31083,12275,6169,0.33,0
31065,6428,3375,4.64,0
31181,5413,2575,0.21,0
31061,4337,2066,0.22,0
31063,17452,8794,13.73,54.3
31187,342,157,0.07,0
31085,13786,6462,3.3,0
31087,14026,6830,3.22,0
31145,14598,6992,7.5,0
31057,4134,2139,3.78,0
31199,3656,1851,0.92,0
31029,4600,2187,3.32,0
31111,43015,19203,13.64,54.3
31135,15038,7084,2.74,0
31005,1433,676,1.05,0
31049,2988,1483,1.05,0
31069,4079,2691,20.85,0
31101,11904,6630,9.47,0
31123,5674,2571,2.78,0
31105,4129,1990,0.58,0
31033,10330,4803,0.12,0
31031,9066,4629,51.54,49.1
31171,917,546,3.62,0
31007,17001,7505,1.24,0
31201,3582,1748,0.23,0
31091,909,520,0.98,0
31117,1572,719,0.77,0
31013,15052,6786,11.87,0
31165,23761,10546,12.48,0
31075,787,477,7.3,0
31157,39672,17352,6.54,0
31161,6688,3302,46.48,0
31045,3848,1820,4.62,47.8
31205,3125,1511,19.1,0
31203,779,331,0.25,0
22051,516975,217297,12.71,680.7
22071,585426,263903,4.26,787.5
22089,46470,16906,3.83,250.3
22087,67223,26758,99.37,155.1
22075,26745,10437,16.92,133.7
22095,43344,15568,0.25,169.7
22093,22006,7937,1.12,187.4
22057,113239,44300,25.43,108.4
22007,54894,23133,1.01,241.4
22101,83955,33703,7.85,248.2
22109,108778,41213,18.81,155.7
22005,76564,29092,1.24,86
22099,84968,34820,23.27,160
22105,113433,46186,4.08,312.6
22030,5143,2055,0.53,0
22103,160036,63658,5.14,37.8
22063,88623,35583,1.98,53.7
22091,40834,17311,3.08,205.4
22117,54300,23573,4.98,209.5
22055,282759,113854,0.92,137.8
22113,88733,36242,22.22,54
22097,113147,46132,3.7,294
22045,68988,26104,13.56,99.4
22550,163,89,0.07,0
22039,113783,45047,13.65,198.5
22001,92408,36623,1.68,54.2
22079,204207,83506,20.45,320.7
22033,474076,192394,3.35,648
22003,35320,13284,1.88,48.7
22053,44806,17670,2.56,98.1
22023,10566,5610,41.2,51.5
22019,144025,60310,7.5,90.1
22011,43707,18969,5.34,0
22115,53712,22237,5.33,50.4
22121,21027,8146,0.26,180.4
22125,22057,6511,5.22,79.8
22077,24496,10860,2.59,234.4
22047,34276,12258,2.96,352.4
22037,23711,8869,2.28,244.4
22013,51193,23709,3.71,301.2
22027,49690,22352,11.94,335.8
22061,52205,21363,1.66,175.2
22069,53398,23108,13.37,300.8
22017,317433,136438,17.33,713.2
22015,117829,49990,21.42,244
22119,49729,22616,7.6,274.1
22031,39963,17749,9.39,293.5
22081,45199,21507,12.68,265.1
22127,51934,22278,6.73,142.1
22085,32447,17812,2.28,53.6
22915,31060,13160,2.15,53.8
22025,40237,19211,10.37,198
22073,162676,66401,11.84,235.4
22021,45090,17575,12.77,85.6
22067,65687,26588,11.68,290.3
22083,24363,9464,5.42,101.8
22041,27457,11211,4.89,204.2
22111,32704,15027,1.81,102.8
22049,52690,21715,2.9,197.8
22035,10896,3693,4.44,92.9
22065,14628,4920,3.99,143.7
22123,12489,5059,0.92,48.3
22029,27931,12928,45.68,125.3
22009,89489,35787,20.19,301.2
22107,8866,4364,11.53,189.7
22059,26094,11980,10.41,0
22043,19376,8833,7.94,45.9
5119,467858,209077,40.28,656.3
5069,106404,42110,22.75,207.4
5053,77199,31598,3.38,52.3
5025,61218,26274,2.14,52.3
5079,74628,30605,14.95,198.6
5041,21073,9009,20.08,286.9
5011,14604,6852,1.9,49.4
5003,29507,12803,23.39,176.5
5043,37152,15988,12.85,198.6
5017,17043,7414,36.13,222.5
5103,32721,15244,4.77,107.2
5013,29700,14024,2.83,53.4
5039,29161,12590,4.39,151.6
5099,24300,11013,1.82,156.1
5139,48932,22188,2.47,150.3
5189,35308,15848,1.01,0
5068,35308,15848,1.01,0
5159,35308,15848,1.01,0
5027,31551,14724,1.29,312.8
5019,67209,30399,9.3,97.7
5057,38357,16650,7.12,205.8
5081,13628,6435,9.52,53.8
5133,15822,6459,1.22,0
5073,4732,2367,8.98,50.6
5061,16740,7499,2.91,52.9
5091,6235,2701,3.93,45.3
5109,20964,9645,1.05,0
5051,116035,57650,7.25,104.2
5125,149368,64465,8.71,47.9
5126,12800,7297,3.35,0
5059,50620,21584,9.39,47.7
5097,9868,5372,2.25,0
5113,76916,35694,5.84,47.9
5105,13480,6088,2.85,0
5029,23784,10869,4.07,96
5001,37717,16475,39.37,0
5067,22534,9807,6.77,109.9
5147,20142,8823,5.75,145.2
5085,57782,22701,39.43,98.5
5145,81564,34041,4.67,146.8
5141,34813,18958,4.36,107.3
5117,17632,8038,28.23,49.2
5063,42307,18334,1.83,0
5095,10121,4995,7.98,131.8
5137,22120,11254,1.13,54.2
5045,109878,46220,4.67,0
5023,60596,28875,2.46,0
5115,93171,40098,12.57,150.2
5035,49970,19778,7.21,321.2
5077,14841,5642,13.84,149.6
5093,51566,22118,12.34,304
5123,48914,19551,21.35,264.7
5037,23455,9630,4.8,85.2
5107,23882,9883,13.39,433.3
5111,26461,11438,6.34,154.8
5031,71451,31050,2.91,120.5
5075,19412,8847,4.15,0
5055,36270,15704,1.54,0
5121,17075,7755,1.37,91.9
5021,17848,8610,2.12,51
5135,16736,8486,2.22,0
5181,345,174,0.05,38.1
5065,16493,8169,1.33,139.4
5049,12814,6536,1.72,52.2
5005,37798,19423,1.97,0
5009,41596,18232,0.97,50
5101,46651,21311,0.3,0
5015,71390,30913,4.31,102.2
5089,44286,21999,1.16,47.4
5007,249516,106920,7.03,153.6
5087,86419,37956,0.79,100.7
5129,11422,5679,0.8,0
5143,187498,77214,2.73,132.9
5047,33639,14406,5.38,0
5033,62326,25117,6.16,0
5071,35951,15626,6.29,47.9
5149,24448,10636,20.48,47.4
5083,38234,16590,13.77,47.6
5127,20401,8872,7.06,0
5131,116904,50249,5.97,97.8
40051,70843,30550,13.26,0
40015,69035,28591,5.74,0
40031,131673,52936,13.11,196.5
40083,71925,29375,3.59,62.1
40109,726785,322116,6.32,1331.6
40087,89046,36118,11.1,48.3
40017,94415,36745,3.19,28.2
40075,37598,17109,5.79,49.8
40149,48376,22189,5.9,45.8
40073,20575,9065,1.99,0
40107,47514,20094,6.37,98.5
40027,221043,90671,7.11,189.9
40119,88297,40111,4.53,84
40049,35114,16389,8.31,0
40099,14692,7392,6.1,53.3
40011,32579,14599,1.88,98
40081,69479,28585,8.4,0
40125,116599,48053,8.91,107.2
40039,43307,19661,3.86,45.8
40137,54916,25386,13.46,0
40047,63845,28761,2.35,52.7
40103,41666,18945,5.57,53.9
40010,24910,11199,0.08,0
40029,60753,24766,6.25,52.4
40019,44660,20076,8.51,0
40085,45004,20276,12.93,0
40069,12998,5885,4.73,0
40095,13184,8517,3.14,0
40013,54527,25392,6.23,53.3
40067,8645,4310,3.54,94.7
40065,28516,12406,1.16,0
40141,22794,9940,5.5,46.7
40033,7158,3398,2.28,0
40057,3220,1619,0.74,0
40055,11713,4907,1.54,94.3
40009,20361,9084,2.33,52.1
40129,22199,9953,4.78,52.1
40043,8902,4611,1.06,0
40123,44219,19679,11.17,0
40053,32520,14713,1.18,0
40003,17040,7957,16.72,86.6
40093,13534,6586,1.94,0
40151,12826,6316,2.76,54.1
40059,18733,8947,1.78,0
40153,23544,11001,1.36,0
40045,5487,2842,0.58,0
40007,8231,3968,1.06,0
40139,21428,8575,3.05,49.7
40025,3476,1706,3.94,0
40113,164361,70802,23.17,273.2
40147,81877,35506,9.23,53.3
40143,664507,283024,7.14,765
40037,150305,62763,7.89,154.5
40145,174787,69219,10.13,98.9
40146,47249,17273,0.04,0
40131,113891,44908,4.4,46.7
40035,30649,16238,2.59,0
40097,59750,29841,7.67,0
40105,16129,7067,1.38,0
40117,29485,12996,4.88,0
40111,50887,22009,6.05,158.3
40193,6483,2507,0.13,0
40001,30229,12391,2.29,41.7
40041,47831,26526,4.39,0
40115,51521,27453,3.52,52
40021,77196,33877,1.95,104.9
40101,74427,32244,6.07,153.8
40121,68051,34219,21.58,105.4
40091,27981,17263,2.95,52.7
40135,39502,17282,3.52,84.4
40061,14546,7860,12.22,51.9
40127,18665,8634,5.39,0
40023,25184,11977,5.84,52.3
40005,24448,10658,7.42,51.7
40063,23879,10833,8.12,54.1
40077,21470,9712,7.32,0
40079,49521,20779,7.28,144.3
40071,52896,24026,4.37,0
40089,35238,15860,14.68,103
40133,41138,18248,11.79,54.1
48113,2591321,1011366,7.39,2383.4
48085,568573,213784,2.55,0
48121,482840,185917,4.69,72.9
48181,91493,39795,7.83,50
48012,35738,11930,0.05,0
48397,105637,36580,2.48,0
48773,38888,12751,0,0
48439,1610616,625058,4.49,1228
48257,105116,42999,5.93,0
48231,69951,28253,2.41,98.7
48139,241521,86057,20.41,0
48349,51678,21585,34.89,100.5
48467,94009,42599,19.63,0
48239,109891,45072,13.54,42.6
48213,145102,63033,17.28,48.8
48297,75975,28989,15.91,0
48357,33581,16413,1.43,0
48119,60727,24818,0.86,50.2
48287,37814,15311,4.61,0
48700,28865,10267,0,47.2
48379,14018,6884,1.57,0
48499,70551,33517,19.12,0
48277,37954,16881,5.32,50.2
48387,20501,9794,10.49,0
48147,33278,13714,8,104.2
48223,34457,15240,10.67,0
48063,32101,14033,1.76,0
48459,90208,38916,8.4,0
48159,33427,13853,9.66,0
48343,54674,22928,8.98,100.1
48449,42328,17106,7.43,0
48037,90823,37259,8.43,205.5
48061,351803,126415,39.95,53.1
48067,48671,23424,7.4,101.7
48091,181940,72576,1.64,87.7
48315,38734,18010,6.93,100.2
48183,163055,68762,5.61,83.1
48203,87304,37273,8.62,93.5
48401,69376,29261,5.15,52.5
48365,41837,18510,5.34,0
48419,27510,13191,3.84,0
48423,204837,84230,9.21,136.6
48023,10306,5710,3.62,37.7
48001,86336,32414,17.2,0
48073,59691,24447,7.06,90.4
48347,42480,18636,2.89,156.5
48426,8056,3539,0.08,0
48161,37061,17098,27.9,53.3
48289,18821,8836,7.37,0
48293,39813,18016,11.15,209.7
48225,38050,19239,5.08,148
48373,44342,22849,3.11,99.9
48455,38190,17503,3.08,40.3
48313,16181,6623,4.13,0
48471,79924,33343,6.06,242.1
48005,49585,20102,1.05,0
48351,48509,21915,3.02,54
48405,10421,6114,1.18,0
48403,12666,9364,0.44,0
48241,44167,20717,2.68,0
48457,37509,17307,3.15,0
48367,182043,73689,2.8,0
48251,177140,63805,4.89,49.2
48015,96305,36448,4.86,190.7
48497,136358,49357,5.35,52.8
48221,81093,33816,4.34,0
48425,66454,27469,7.56,0
48035,30664,14242,8.06,0
48014,19318,9246,0.34,0
48227,53393,23073,1.8,0
48217,46796,20419,4.85,53
48020,13011,4998,0.29,0
48363,30927,12906,2.94,53.5
48435,16687,6855,0.69,0
48337,39296,18020,10.51,0
48131,57871,22341,3.44,53.6
48077,38802,18671,7.62,47.8
48237,24432,11551,6.17,0
48097,67282,27547,7.84,46.8
48009,73230,35949,7.97,47.8
48485,137058,55523,4.92,89
48487,19611,8824,5.09,0
48207,36010,16930,7.63,0
48275,4043,1978,0.68,0
48447,8560,4652,7.81,0
48503,6652,3122,1.67,0
48143,45638,20822,6.35,0
48417,27516,9974,5.63,38.8
48049,36275,17861,3.53,0
48093,33776,16920,5.54,0
48133,27565,14437,7.13,53.5
48193,16087,7786,1.57,39.2
48059,43123,17540,8.51,84.3
48429,9249,4915,1.3,0
48083,39809,19690,23.09,89.5
48027,263530,96352,2.5,204.6
48029,1558035,584654,8.29,1640.7
48331,40796,17549,4.87,50
48491,320495,118363,3.69,106.5
48145,72668,29463,4.53,194
48099,124661,39046,3.42,87.7
48281,52846,21167,1.31,0
48309,222281,88519,4.86,429.3
48053,89211,38720,1.71,0
48051,26626,12739,13.14,0
48395,58316,24078,5.16,233.9
48333,33029,15900,3.3,0
48399,15567,7682,7.69,54
48411,8602,4381,2.86,0
48307,8946,4583,4.79,0
48299,33870,19567,0.74,0
48319,22290,11209,0.39,0
48095,6739,2714,2.3,0
48327,6615,4424,0.56,51.5
48265,60492,29024,2.76,0
48267,10051,6514,0.63,0
48171,64188,31223,1.27,0
48451,103499,43768,2.93,50.6
48105,7265,3257,0.01,0
48235,1705,864,0.06,0
48383,3227,1352,0,0
48081,4376,3128,4.55,54
48413,4001,1890,0.04,0
48465,48565,17921,0.32,0
48431,1386,628,0.07,0
48201,3715207,1415828,17.18,3467.1
48157,597409,201961,14.94,495.4
48039,304937,112844,35.03,231.8
48245,296932,118104,16.29,317.6
48339,338346,129288,7.87,84.1
48291,97125,36951,13.6,0
48407,80404,33981,7.12,52.5
48185,49638,22108,5.56,53.4
48199,37198,15645,2.16,0
48473,135986,46879,6.4,83.5
48089,60984,27162,10.95,130.6
48321,45240,21615,6.32,34
48481,45992,18634,5.52,34
48477,46046,18975,4.63,0
48057,54637,21721,16.46,0
48167,308194,133127,6.69,327.9
48071,140590,53396,22.74,45
48361,65676,27185,2.09,0
48041,152412,59954,2.82,168
48123,72212,30530,1.73,103.8
48175,47838,19743,2.07,51.3
48469,110516,44727,10.74,145.7
48391,7947,3798,9.7,0
48177,36414,15959,3.37,206.5
48285,28206,13929,1.2,0
48283,5869,2373,2.17,0
48013,110137,38936,6.82,51.6
48019,24724,11886,1.17,0
48325,94610,36784,3.91,51.1
48259,43398,18683,0.9,0
48163,16438,5773,1.27,0
48311,5915,2566,5.3,0
48385,4294,2938,0.74,0
48479,118813,35929,2.95,50.5
48505,50847,19164,16.16,0
48493,108503,39926,3.05,188.4
48025,70504,25762,9.81,148.4
48187,181617,69325,2.54,88.8
48255,16958,6255,3.34,37.8
48355,390195,152866,6.92,613.1
48249,81286,30804,6.28,52.8
48007,31508,16529,3.52,0
48409,71869,27363,14.48,107.6
48261,364,216,2.46,95.5
48047,8231,3322,0.23,52.8
48247,5274,2291,0.12,0
48427,59436,20082,1.73,0
48273,31519,12726,0.7,51.6
48215,588480,198624,32.56,189.4
48489,20192,6763,25.96,105.4
48021,79598,29679,4.83,104
48022,18229,6894,1.94,0
48031,25956,13079,0.38,0
48055,62781,21918,2.91,0
48209,131404,48559,2.3,38.6
48453,962316,393373,4.07,1033.5
48463,48774,18155,1.39,37.7
48458,40547,20648,0,50.5
48127,18600,6900,2.08,54
48137,46304,16959,0.31,0
48507,11717,4108,1.83,53.4
48271,47522,17589,0.65,0
48443,993,854,0.03,0
48323,47175,14781,1.19,0
48149,37163,18529,4.93,51.4
48117,30967,11712,3.9,0
48359,2733,1055,0.17,0
48179,25930,12127,0.94,0
48483,10006,4975,3.65,0
48295,6346,3055,1.94,0
48233,28840,13075,1.02,54
48369,16322,6339,4.09,0
48375,166580,67758,2.74,242.4
48211,4456,2156,2.93,0
48341,23085,8803,1.22,0
48381,160643,67865,7.86,138.9
48205,11015,4123,1.34,0
48011,7184,3815,0.59,0
48189,53185,20055,0.34,0
48111,10682,4009,1.32,0
48069,48340,18663,4.91,0
48279,32842,13599,1.47,51
48017,14419,6011,1.04,0
48065,11645,5307,1.14,0
48195,8355,3683,0.81,0
48421,6464,2625,0.43,0
48437,11887,4780,0.53,0
48129,25901,12603,1.2,54.1
48393,21532,9906,0.33,0
48087,16195,7534,1.71,0
48045,14809,7001,2.13,0
48075,13387,6017,1.39,46.4
48101,13193,5968,1.88,0
48191,15236,7416,2.33,46.4
48345,14376,6217,1.67,0
48125,5493,2861,1.13,0
48197,4773,2381,0.72,0
48155,3532,1948,6.68,0
48153,10729,4635,1.18,0
48107,20445,8793,1.49,0
48269,2049,1105,0.46,0
48303,252673,104585,0.84,571.7
48219,56211,23184,0.28,45.7
48079,20100,8224,0.26,0
48445,17700,7176,1.16,0
48165,19784,7570,0.5,0
48501,10821,4413,0.01,0
48169,15299,6703,1.42,0
48115,16858,6289,0.12,0
48317,18294,6813,0.12,0
48305,40292,16226,2,51.9
48441,139867,55958,9.78,38.8
48033,3689,1677,0.93,0
48263,16610,8166,1.62,0
48302,10936,5964,0.08,36.2
48253,38229,14590,5.56,38.8
48433,7782,4103,1.49,0
48353,17766,8487,5,52.7
48335,13904,5499,0.99,0
48415,29961,13241,2.09,0
48151,24135,10663,1.31,0
48135,174353,72045,0.62,89.4
48329,167520,71101,0.39,54
48003,12985,5391,0.05,0
48141,711190,241531,1.57,494
48389,12953,4898,1.64,51.1
48475,10748,4758,0.06,46.1
48371,16809,6338,1.07,52.7
48103,3812,1511,0,0
48243,2191,1402,0.07,0
48173,1020,471,0.11,0
48495,7112,3187,0.06,0
48461,3340,1556,0.13,0
48301,58,53,0,0
48043,8773,4520,0.17,51.1
48229,3141,1355,0.61,52.7
48377,7304,3299,0.75,0
48109,2891,1258,0.12,0
8059,639539,259357,8.7,635.3
8001,477119,175076,3.67,485.6
8005,688198,279881,3.19,487.2
8200,43447,18509,0,48.6
8031,873430,384474,2.74,1345.6
8013,369954,150989,8.6,268.7
8123,314425,114788,29.33,46.3
8069,331328,136459,32.51,82.8
8039,75408,26532,0.96,0
8055,37736,15517,1.96,48.9
8035,214203,79743,4.09,53.5
8041,606315,237976,3.74,549.6
8036,21612,8046,0.01,0
8056,41552,16936,1.48,0
8003,62688,25377,3.29,53.3
8002,41552,16936,1.48,0
8050,17678,8672,0,45.6
8047,33581,15732,0.91,114.8
8093,20340,13915,10.01,104.2
8095,12927,6065,0.21,0
8037,52714,26729,8.1,296.6
8117,25797,25293,11.04,184.6
8107,31904,16332,9.67,151.5
8057,1577,1145,6.97,0
8019,29023,13117,1.07,205.8
8049,12428,10878,9.94,142.7
8065,7812,3913,7.01,0
8004,34626,11686,0.78,0
8087,27168,10514,12.02,0
8187,15459,5782,1.14,0
8121,14264,5975,4.28,0
8075,23226,9670,1.53,0
8125,20583,8897,3.83,0
8115,2747,1387,1.36,0
8017,2231,1105,0.02,0
8073,7853,3211,11.07,0
8063,8457,3638,0.7,0
8119,21370,11408,6.91,0
8101,187305,79312,30,190.8
8043,56620,22297,0.6,53.2
8071,22409,10621,29.29,101.8
8061,2536,1183,14.78,0
8027,13986,6064,1.01,0
8009,9480,4307,27.47,0
8089,20879,9055,6.62,45.6
8025,8526,2922,11.16,43.4
8099,14785,6094,0.88,43.4
8011,31981,13076,31.63,0
8021,22519,9534,1.8,151.8
8007,9866,6235,6.67,0
8067,47420,22587,9.3,49.2
8023,4940,2633,3.48,136.7
8105,18572,8487,1.64,0
8109,6085,3128,1.5,95.4
8079,783,1018,1.91,0
8015,25644,12874,17.27,45.4
8051,27461,15186,25.43,176
8085,46900,19990,7.29,51.9
8053,733,1224,3.68,0
8111,32298,15555,3.07,100.6
8033,6148,3145,1.25,43.4
8083,23902,10569,3.34,94.4
8113,7958,5837,2.01,74
8091,29333,13106,2.26,0
8029,33094,14419,7.65,0
8077,116328,48477,5.71,95.7
8045,78556,32679,8.79,42.1
8103,29204,12036,3.6,0
8081,16594,7384,8.04,51.9
8097,30616,16230,4.62,251
8307,5195,5762,0.16,31.9
56021,103373,44761,19.68,153
56001,24266,12227,37.97,78.5
56029,42920,18993,27.83,69.1
56015,19514,9366,9.78,87
56031,9006,4798,3.03,0
56027,2370,1318,1.76,0
56009,12089,5689,4.85,0
56007,15567,8277,13.94,31.8
56037,47473,20296,22.17,89.5
56013,35804,15541,37.71,73.9
56043,45050,19209,7.45,0
56003,11415,5001,1.57,0
56017,4882,2536,1.13,0
56025,66461,29794,11.14,100.6
56019,7051,3548,7.17,0
56045,6742,3267,2.44,0
56011,5945,2962,11.83,97.1
56005,19918,8537,12.41,138.2
56023,36437,16620,7.39,38.7
56033,26702,12658,4.37,0
56035,5893,3508,31.25,0
56041,19742,8011,5.9,0
56039,17930,9795,25.46,204.7
16005,77661,29849,5.81,0
16011,63671,22146,9.55,34.5
16077,24396,9798,9.9,0
16001,273725,108628,0.67,242.2
16076,5931,2225,4.36,0
16055,94177,41020,13.16,53
16023,3160,1425,0.74,0
16029,7402,3235,4.02,0
16007,10601,5190,4.21,0
16037,10925,8205,12.96,93.5
16059,10233,5523,3.99,0
16041,13637,5006,8.04,45.2
16044,604,195,0.75,0
16071,4037,1717,1.28,0
16019,104094,37525,3.07,0
16081,48396,19708,0.84,0
16083,66695,26740,1.84,54
16073,12961,5237,0.83,54
16031,22239,8120,0.52,0
16013,18944,12165,3.95,99.3
16047,29792,11223,1.67,0
16025,953,533,3.12,0
16063,36461,15751,5.43,0
16053,18475,6749,0.64,0
16067,20631,7670,0.2,0
16043,13676,7289,5.24,44.4
16039,62572,25292,10.95,49
16033,1313,595,0.54,0
16051,26253,8759,9.64,0
16065,49964,15112,4.31,41.8
16069,43164,18493,5.37,0
16035,10557,4880,0.21,0
16049,25143,15464,18.74,49.7
16061,12642,5697,0.37,0
16057,35753,14212,0.25,46.8
16009,11776,5267,1.4,104
16003,4590,2484,1,0
16015,35577,16795,1.67,84.3
16027,119765,43941,1.23,102.8
16028,26141,9751,0.01,53.6
16045,57629,21532,3.33,53.6
16075,59829,22848,4.36,53.6
16087,19877,8093,18.71,0
16085,7668,7989,15.16,0
16021,40486,17612,3.36,49
16017,43989,22904,4.22,45.5
16079,21113,10448,2.81,88.5
49013,16410,7871,41.48,0
49049,325970,93008,3.96,94.2
49035,947874,328408,1.55,608.6
49011,260289,82151,1.56,0
49043,16430,11431,6.08,0
49029,7129,2152,1.09,0
49045,40732,13807,2.86,74.5
49009,921,1084,1.39,0
49047,34348,12371,13.73,116
49033,1951,2402,57.55,0
49051,15106,6180,8.41,0
49057,200539,71504,2.47,49.6
49053,98737,40747,2.74,51.3
49003,41940,13975,20.19,0
49005,75155,23736,8.49,48.4
49007,20422,8741,6.12,99.2
49037,15603,6167,1.25,267.1
49015,11032,4188,5.72,0
49019,14398,5688,15.2,50.3
49012,27299,8891,0,0
49041,42029,13673,7.96,0
49039,22823,7901,14.59,95.4
49027,12277,4472,225.02,0
49023,7969,2696,7.44,0
49025,6046,3767,116.45,0
49017,4735,2767,31.2,0
49001,6038,2669,2.27,0
49021,33779,13618,3.85,0
49055,2509,1329,0.79,0
49031,1304,657,3.53,0
49052,30596,13400,0.02,0
4013,3043842,1252896,9.35,2683.6
4027,165945,72865,4.95,135.1
4021,291498,132707,3.21,337.6
4007,54764,29373,2.35,137
4031,35908,17194,0,0
4113,51244,22816,0,42.3
4019,822848,358993,2.63,709.7
4025,153157,74329,3.2,145.3
4012,19182,14768,5.63,54.1
4001,58827,26766,13.34,702.9
4015,117755,62382,0.55,183.5
4009,38201,14101,4,42.4
4011,6027,2523,1.1,0
4003,123086,50863,2.23,47.1
4023,7167,3472,0,0
4018,30370,14238,0.15,0
4017,96074,46595,6.33,652.4
4005,121313,56715,34.72,375.1
4200,13480,8331,0,0
35043,91437,35456,0.34,334.8
35061,67803,25218,0.23,137
35006,47149,16845,1.56,415.6
35053,18329,7902,2.31,192.1
35001,573836,245727,0.6,572.2
35049,130272,58002,1.43,243.5
35039,45062,19462,4.09,768.2
35057,14717,6359,0.99,153.3
35031,97724,36131,3.36,810.1
35045,99637,37388,3.49,329.2
35055,30735,17655,1.44,833.1
35028,18354,7944,0,0
35047,28647,13460,4.76,266.5
35007,14189,8959,11.26,0
35019,4957,2265,1.19,102.2
35033,5540,3339,2.12,291.4
35021,756,503,0.5,98.4
35051,23385,13228,43.56,176.1
35003,24142,11819,2.03,53.1
35013,145656,52815,4.26,378.2
35023,1300,818,0.12,0
35017,34891,15705,1.77,271.8
35029,25016,11291,0.19,0
35009,98074,41842,4.1,54.3
35041,18025,7762,7.52,52.7
35025,50442,21431,1.06,0
35011,2257,1314,8.96,0
35037,10290,5727,6.86,0
35005,61390,25570,3.12,54.3
35015,51463,22212,15.47,49
35027,19411,15298,0.29,171.3
35035,57987,27843,0.78,133.2
35059,4117,2181,0.55,0
32017,4123,2123,2.77,0
32023,7525,4077,2.82,100.2
32003,1090739,444772,2.27,1080.2
32033,24221,11522,14.81,26.4
32027,5767,2111,6.71,54.3
32009,3478,2159,2.28,38.1
32015,29730,12489,102.84,0
32011,1584,984,3.63,0
32019,62355,26744,22.81,93.4
32029,74081,30383,0.83,101
32013,17298,7403,7.16,45.7
32031,345171,145948,34.29,384.5
32001,23936,9709,77,0
32005,58091,26065,2.5,156
32021,5071,2866,1.04,128.3
32091,196,86,0.02,0
32510,54248,21963,0.33,52.9
32007,33553,14159,16.57,129.8
32035,20732,8505,0.16,0
32073,1019,373,1.21,43.7
32045,4862,1703,0.03,0
6001,1641361,615987,12.45,1434.8
6037,9817369,3372498,14.49,9479.8
6031,251356,79272,8.17,97.9
6034,67510,24955,0,42.7
6137,47105,16686,0,37.8
6111,1028524,344351,6.44,628.2
6032,19101,6828,0,0
6059,2451989,824567,2.45,1580.5
6071,1887263,668472,20.88,2281.5
6039,241528,73989,14.36,243.4
6021,135420,44863,2.29,183.6
6065,880336,344608,1.27,838.4
6664,69968,17725,0,0
6073,2284190,860832,13.55,1473.4
6401,42267,15200,1.68,0
6025,157000,46792,8.82,403.2
6027,48532,23068,19.5,240.9
6010,87072,33190,4.65,189.1
6067,1300544,506560,2.52,1443.5
6459,46210,16937,0.23,0
6083,425749,158967,1.7,451.1
6079,233078,100690,3.71,384
6050,20877,7857,0.05,48.7
6107,438382,137486,12.11,586.7
6029,837332,287427,15.6,735.3
6019,913150,307204,33.82,1174.4
6060,14926,5877,1.07,0
6057,74720,34598,3.57,225.2
6053,469545,152072,82.89,550.7
6007,326907,131435,19.59,369
6051,11879,11236,8.18,157.8
6087,401238,149192,1.52,600.4
6043,19309,9668,7.26,140.1
6047,251749,79016,18.11,233.2
6115,98447,39221,1.41,336.5
6109,83914,37553,11.46,152.7
6069,69544,21077,2.1,0
6153,21750,9708,0.01,51.4
6081,734019,272396,8.66,669.9
6075,802281,357322,0.59,965.8
6085,1970211,673876,8.43,1540.5
6175,33115,18422,0,30.4
6013,924227,345752,1.39,743.7
6055,194227,73802,3.61,395.7
6095,403407,137539,5.82,158.8
6100,21048,8592,0,35.2
6045,135078,56346,5.59,737.6
6041,434221,177342,14.78,827.5
6097,424466,171420,6.14,988
6049,59747,20440,69.61,85.4
6077,614772,212979,13.65,486.6
6009,114016,50963,4.28,268.3
6099,384774,130500,12.86,251.4
6040,13019,6702,0.26,50
6033,60140,33481,2.14,425.7
6023,88643,41122,8,722.3
6105,12310,7219,3.53,251.8
6015,39739,15568,4.4,48.6
6093,46269,23154,59.24,143.7
6005,56929,24494,8.46,91.7
6061,208104,81264,3.4,98.4
6113,157404,58308,1.44,186.6
6017,152786,59980,1.63,141.7
6101,65625,23760,3.22,107
6003,1071,1002,1.59,59.9
6091,4390,2611,0.78,97.1
6011,28620,10590,3.95,53.2
6063,24603,15106,53.19,157.7
6103,111461,45722,3.09,242.8
6089,193631,82100,9.13,550
6035,32677,14510,23.04,104.8
15003,876156,315988,1.83,774.8
15007,58433,25316,3.95,335.8
15001,141294,59050,0.41,798.7
15009,135924,59531,1.08,633.3
15010,51081,16770,0.18,0
15703,63228,18194,0.01,0
15085,52044,19674,0.01,48.8
15590,52044,19674,0.01,48.8
41065,47193,20047,7.4,0
41005,607620,242045,2.85,300.1
41047,298145,113378,9.22,251
41067,623709,254147,7.07,215.4
41027,20580,7895,0.54,0
41009,54046,22244,5.72,0
41051,979652,423383,12.97,982.4
41055,1934,935,1.39,0
41007,61744,30646,1.41,158.8
41071,166456,60546,2.86,50.3
41057,72726,35390,0.62,187.9
41006,38069,15283,0,50.2
41053,79816,30343,0.91,204.3
41003,144139,59605,2.89,144
41043,146142,61195,5.17,43.6
41039,330954,142832,36.73,467.1
41041,45910,27586,0.44,258.4
41045,51909,19472,6.77,0
41029,264418,113786,4.75,185.9
41015,21183,11429,0.67,53.7
41019,119818,50913,5.15,52.3
41011,62724,29218,7.09,105.6
41035,71238,32784,35.14,248.6
41033,76024,33402,0.7,124.3
41037,17868,9341,96.09,0
41049,33271,12700,12.14,46.3
41017,120918,57383,1.13,0
41025,7698,3575,66.28,0
41031,26918,12804,0.7,35.4
41069,1537,836,0.41,0
41013,46815,20045,6.64,0
41059,70496,27583,15.96,50.5
41021,1915,1043,18.77,0
41001,16766,8340,3.11,103.1
41023,7674,3669,0.14,0
41061,24497,10591,1.06,53.6
41063,7209,3841,3.06,0
41046,49,17,0,0
53033,1943215,826878,15.93,1852
53061,574129,224972,24.36,233.9
53035,233731,95834,2.15,148.7
53053,786409,316008,8.62,655.4
53003,55552,21604,0.44,0
53633,24913,10420,0,39.2
53073,188746,82444,6.74,37.8
53055,32664,18401,2.76,0
53057,121798,51358,19.87,49.2
53029,89743,39453,16.89,0
53009,53209,25408,4.44,130.9
53045,79999,38325,7.2,104.1
53031,46575,24690,1,0
53041,77966,33143,3.45,158.6
53005,175823,68115,2.08,50.8
53387,35899,12686,0.39,0
53067,174776,74363,8.66,210.8
53027,69172,33886,1.61,508.3
53077,245351,89298,8.41,312.2
53049,20415,13402,0.72,152.5
53015,97168,40210,1.88,0
53011,340245,130003,6.11,188.4
53039,30781,12616,9.12,41.8
53059,27219,11256,1.86,0
53069,4986,2289,0.13,0
53007,89779,39357,15.07,145.4
53017,45370,18734,9.17,0
53047,43462,21007,20.7,87.8
53025,84434,32512,18.77,0
53097,28724,9986,0.24,51.5
53037,33086,16078,11.78,154.2
53063,454113,192618,18.61,423.8
53075,57652,23543,9.58,188.5
53043,16290,8086,10.77,45.8
53051,14363,7584,6.83,96.7
53065,46394,20649,8.48,180.5
53001,20089,7361,10.3,0
53099,931,414,0,0
53019,12875,6398,2.64,92.6
53021,62492,20260,15.88,54.2
53071,58327,20289,12.18,50.7
53013,9956,4642,0.08,0
53023,2450,1300,0.04,0
2020,260297,100459,5.96,448.4
2170,58222,29805,86.19,177
2016,5414,2225,16.75,170.1
2164,2188,1742,182.08,293.9
2070,6553,3481,186.68,564.7
2150,13911,5155,37.95,106.6
2050,14906,4821,568.03,817.2
2010,7699,2003,33.46,183.6
2270,6849,1933,584.17,454.1
2122,49628,24452,37.55,114.5
2290,8094,4688,93.86,837
2261,10021,5306,1905.38,154.2
2060,1258,979,5.21,36.8
2180,9170,3555,1211.85,502.4
2231,6407,3698,19.67,291.9
2282,679,402,0.7,43.1
2013,35,93,0.33,0
2090,82815,33197,16.25,178.1
2068,1900,1473,11.32,47.6
2185,7113,2396,11.75,288.9
2188,6897,2028,1.32,444.9
2140,6897,2028,1.32,444.9
2240,5898,3033,20.29,78.1
2110,30721,12357,18.88,41.1
2280,6593,3174,17.84,53.9
2220,8797,3656,6.06,0
2100,10,85,0.15,0
2130,14066,6187,8.08,0
2201,5508,2495,7.56,172.7
